country,statename,statecode,districtname,districtcode,year,households,landless_manual_labour,non_agri_enterprises,income_tax_households,destitute_households,govt_salaried,public_salaried,private_salaried,income_less_5000,income_5000_10000,income_greater_10000,govt_income_gt_5000,motorized_vehicle,two_wheeler,three_wheeler,four_wheeler,fishing_boat,refrigerator,landline,mobile_only,landline_and_mobile,no_phone,agri_equipment,kisan_credit,unirrigated_land,irrigated_land,other_land,irrigation_equipment,no_land_irrigation,no_land_kisan_credit
India,Jammu and Kashmir,1,Anantnag,1,2011,252507.0,41835.0,7826.0,21276.0,994.0,51172.0,893.0,3451.0,162248.0,42776.0,47483.0,48584.0,24456.0,6170.0,1804.0,16363.0,119.0,23903.0,827.0,206953.0,6543.0,38184.0,2777.0,1260.0,94167.0,131460.0,42682.0,4838.0,173.0,237.0
India,Jammu and Kashmir,1,Budgam,2,2011,127154.0,19804.0,2583.0,8285.0,626.0,23804.0,657.0,2665.0,85367.0,19321.0,22466.0,22623.0,14168.0,5283.0,677.0,8170.0,38.0,15450.0,468.0,100507.0,3554.0,22625.0,2055.0,457.0,59664.0,42332.0,36119.0,2093.0,425.0,104.0
India,Jammu and Kashmir,1,Baramulla,3,2011,175909.0,32455.0,3265.0,14004.0,662.0,32999.0,822.0,1988.0,115648.0,29656.0,30605.0,31015.0,15688.0,5252.0,489.0,9597.0,350.0,14300.0,778.0,141354.0,3118.0,30659.0,4007.0,1075.0,109079.0,30454.0,64425.0,3757.0,101.0,77.0
India,Jammu and Kashmir,1,Doda,4,2011,113479.0,1328.0,3645.0,5835.0,100.0,20752.0,282.0,727.0,88554.0,8142.0,16783.0,17726.0,2951.0,1489.0,40.0,1380.0,42.0,7307.0,361.0,80944.0,802.0,31372.0,516.0,406.0,102593.0,26401.0,20454.0,352.0,124.0,95.0
India,Jammu and Kashmir,1,Jammu,5,2011,209537.0,38175.0,15018.0,30195.0,369.0,56981.0,1994.0,12717.0,105153.0,46130.0,58254.0,55216.0,63005.0,50591.0,841.0,11423.0,150.0,122198.0,2407.0,156886.0,10105.0,40139.0,8542.0,3724.0,62870.0,83878.0,17579.0,12277.0,655.0,589.0
India,Jammu and Kashmir,1,Kathua,7,2011,121623.0,18030.0,6400.0,12840.0,337.0,25990.0,542.0,3386.0,78150.0,19450.0,24023.0,24140.0,20204.0,16662.0,292.0,3204.0,46.0,44385.0,1460.0,94944.0,4031.0,21188.0,2792.0,1240.0,62655.0,30522.0,12359.0,5286.0,209.0,232.0
India,Jammu and Kashmir,1,Kupwara,8,2011,309009.0,31811.0,5584.0,24839.0,2272.0,54232.0,625.0,1447.0,233261.0,30601.0,45093.0,50267.0,15799.0,6861.0,587.0,8069.0,282.0,12577.0,1671.0,202715.0,2970.0,101653.0,2045.0,867.0,211614.0,32488.0,136975.0,1710.0,211.0,221.0
India,Jammu and Kashmir,1,Poonch,10,2011,160162.0,4911.0,10088.0,14523.0,658.0,23344.0,330.0,1439.0,120180.0,18587.0,21395.0,21304.0,5842.0,3331.0,213.0,2022.0,276.0,8818.0,3295.0,93282.0,2211.0,61374.0,2378.0,769.0,134961.0,91387.0,62928.0,5067.0,418.0,129.0
India,Jammu and Kashmir,1,Pulwama,11,2011,80045.0,11253.0,2396.0,6509.0,446.0,16994.0,364.0,1054.0,51234.0,13645.0,15166.0,16164.0,8174.0,2545.0,228.0,5319.0,82.0,7587.0,299.0,65767.0,2093.0,11886.0,698.0,581.0,43980.0,32812.0,22010.0,4717.0,47.0,69.0
India,Jammu and Kashmir,1,Rajouri,12,2011,211003.0,3204.0,14953.0,23233.0,457.0,43237.0,538.0,1237.0,152925.0,20587.0,37491.0,40003.0,13316.0,8418.0,120.0,4666.0,112.0,36083.0,2084.0,138902.0,2686.0,67331.0,5213.0,1920.0,187366.0,74960.0,49784.0,4785.0,374.0,104.0
India,Jammu and Kashmir,1,Srinagar,13,2011,4405.0,415.0,344.0,814.0,2.0,600.0,180.0,358.0,2135.0,1488.0,782.0,572.0,959.0,490.0,16.0,446.0,7.0,1410.0,17.0,4006.0,43.0,339.0,153.0,175.0,1871.0,685.0,468.0,148.0,1.0,168.0
India,Jammu and Kashmir,1,Udhampur,14,2011,107932.0,6373.0,6940.0,10629.0,127.0,20752.0,656.0,2093.0,72025.0,16766.0,19141.0,19068.0,9821.0,6677.0,235.0,2884.0,25.0,26575.0,321.0,83345.0,2421.0,21845.0,1479.0,1895.0,76786.0,39038.0,13639.0,1382.0,190.0,1288.0
India,Jammu and Kashmir,1,Kishtwar,620,2011,81082.0,3907.0,4492.0,4867.0,84.0,15842.0,602.0,1656.0,61799.0,7667.0,11616.0,12805.0,4419.0,2990.0,63.0,1331.0,35.0,7981.0,126.0,43123.0,610.0,37223.0,285.0,536.0,57542.0,39588.0,36610.0,431.0,82.0,53.0
India,Jammu and Kashmir,1,Ramban,621,2011,104666.0,4426.0,3811.0,7046.0,180.0,14874.0,522.0,815.0,85496.0,7426.0,11744.0,12706.0,1846.0,504.0,43.0,1260.0,39.0,4609.0,191.0,60509.0,502.0,43464.0,452.0,314.0,87733.0,23824.0,29669.0,793.0,15.0,23.0
India,Jammu and Kashmir,1,Kulgam,622,2011,72849.0,8275.0,1372.0,3751.0,569.0,10818.0,110.0,335.0,56352.0,7101.0,9396.0,10089.0,3676.0,1593.0,180.0,1875.0,28.0,1886.0,175.0,43704.0,562.0,28408.0,693.0,703.0,41453.0,26444.0,17311.0,2505.0,83.0,116.0
India,Jammu and Kashmir,1,Bandipora,623,2011,108412.0,15526.0,2760.0,9008.0,554.0,19755.0,337.0,1018.0,75435.0,15129.0,17848.0,18530.0,10305.0,4214.0,420.0,3730.0,1941.0,5838.0,765.0,69670.0,1464.0,36513.0,887.0,506.0,46280.0,17049.0,38644.0,2527.0,193.0,145.0
India,Jammu and Kashmir,1,Samba,624,2011,65247.0,9346.0,4369.0,11561.0,96.0,22135.0,1069.0,5046.0,28904.0,15267.0,21076.0,21137.0,24564.0,20324.0,290.0,3930.0,20.0,44823.0,1152.0,55984.0,2351.0,5760.0,1682.0,415.0,30417.0,21792.0,5266.0,6757.0,78.0,66.0
India,Jammu and Kashmir,1,Shopian,625,2011,40552.0,3464.0,429.0,1639.0,222.0,4912.0,61.0,221.0,25452.0,9306.0,5794.0,4683.0,5575.0,3078.0,120.0,2363.0,14.0,1879.0,186.0,31973.0,481.0,7912.0,391.0,268.0,20918.0,4403.0,21601.0,5495.0,45.0,35.0
India,Jammu and Kashmir,1,Ganderbal,626,2011,65249.0,8731.0,974.0,3642.0,169.0,12856.0,135.0,453.0,42423.0,12638.0,10188.0,11992.0,5547.0,2356.0,242.0,2888.0,61.0,5766.0,542.0,53836.0,1172.0,9699.0,678.0,256.0,36218.0,24085.0,10970.0,994.0,169.0,134.0
India,Jammu and Kashmir,1,Reasi,627,2011,81959.0,2264.0,2586.0,5480.0,65.0,9874.0,1132.0,2369.0,67958.0,5217.0,8784.0,7738.0,4770.0,2814.0,179.0,1725.0,52.0,12943.0,1487.0,53270.0,982.0,26220.0,518.0,375.0,64454.0,24315.0,11447.0,279.0,14.0,11.0
India,Himachal Pradesh,2,Bilaspur,15,2011,72905.0,3101.0,4697.0,7991.0,88.0,17781.0,744.0,7626.0,35658.0,16284.0,20963.0,16758.0,13454.0,7607.0,154.0,5570.0,123.0,34171.0,1891.0,52536.0,10919.0,7559.0,1872.0,5150.0,56074.0,23733.0,9199.0,1694.0,128.0,203.0
India,Himachal Pradesh,2,Chamba,16,2011,92274.0,3023.0,11012.0,15653.0,146.0,21896.0,1088.0,3180.0,62480.0,12162.0,17632.0,19174.0,8766.0,5068.0,78.0,3558.0,62.0,23671.0,1121.0,73582.0,3506.0,14065.0,1844.0,4473.0,69948.0,44166.0,18523.0,1759.0,268.0,519.0
India,Himachal Pradesh,2,Hamirpur,17,2011,96745.0,5080.0,10176.0,12064.0,1016.0,27610.0,2583.0,19417.0,36531.0,26906.0,33308.0,26605.0,18165.0,12528.0,168.0,5384.0,85.0,54862.0,2425.0,69316.0,17130.0,7874.0,2595.0,3550.0,76037.0,41451.0,22865.0,2696.0,237.0,272.0
India,Himachal Pradesh,2,Kangra,18,2011,298789.0,29764.0,30011.0,32609.0,737.0,71125.0,4940.0,32811.0,146969.0,75092.0,76728.0,66866.0,72157.0,53349.0,644.0,17963.0,201.0,167893.0,5256.0,236810.0,31166.0,25557.0,10927.0,8233.0,171662.0,105721.0,46855.0,6726.0,691.0,516.0
India,Himachal Pradesh,2,Kinnaur,19,2011,18287.0,837.0,1222.0,1867.0,20.0,4715.0,202.0,1059.0,9584.0,4244.0,4459.0,4244.0,2792.0,541.0,21.0,2214.0,16.0,3139.0,293.0,14016.0,2300.0,1678.0,285.0,3243.0,8056.0,7630.0,3366.0,809.0,72.0,115.0
India,Himachal Pradesh,2,Kullu,20,2011,141361.0,8266.0,7146.0,9668.0,197.0,22747.0,888.0,3720.0,89770.0,25081.0,26510.0,21343.0,19427.0,5782.0,507.0,13098.0,40.0,33203.0,651.0,122359.0,5452.0,12899.0,2379.0,6351.0,97511.0,33514.0,15209.0,5012.0,206.0,327.0
India,Himachal Pradesh,2,Lahul and Spiti,21,2011,6177.0,303.0,375.0,564.0,57.0,2313.0,25.0,71.0,3089.0,1344.0,1744.0,2098.0,954.0,346.0,4.0,595.0,9.0,259.0,322.0,3655.0,901.0,1299.0,231.0,718.0,1656.0,1673.0,3079.0,838.0,28.0,16.0
India,Himachal Pradesh,2,Mandi,22,2011,195389.0,7876.0,12675.0,16373.0,250.0,48900.0,1706.0,12482.0,111135.0,36334.0,47920.0,45896.0,25839.0,14767.0,499.0,10388.0,185.0,61694.0,3800.0,144188.0,22704.0,24697.0,4469.0,10830.0,151251.0,62433.0,30632.0,3796.0,294.0,536.0
India,Himachal Pradesh,2,Shimla,23,2011,123783.0,3299.0,5591.0,10308.0,129.0,28578.0,1143.0,4450.0,66204.0,27898.0,29681.0,26473.0,16119.0,3846.0,180.0,11973.0,120.0,34936.0,1215.0,107291.0,8893.0,6384.0,3207.0,12708.0,90689.0,45409.0,24726.0,7788.0,538.0,1274.0
India,Himachal Pradesh,2,Sirmaur,24,2011,83489.0,7739.0,4398.0,4580.0,202.0,15242.0,1063.0,5737.0,53843.0,14331.0,15314.0,13715.0,15292.0,11453.0,109.0,3660.0,70.0,23030.0,729.0,70830.0,2511.0,9419.0,3012.0,6457.0,46115.0,46614.0,27588.0,4765.0,195.0,159.0
India,Himachal Pradesh,2,Solan,25,2011,91011.0,4844.0,8813.0,10929.0,242.0,18672.0,2310.0,15363.0,48553.0,23809.0,18649.0,16962.0,26402.0,14138.0,331.0,11628.0,305.0,43913.0,2049.0,68357.0,13908.0,6697.0,4507.0,5193.0,51985.0,41958.0,23350.0,4703.0,730.0,442.0
India,Himachal Pradesh,2,Una,26,2011,98627.0,9228.0,14299.0,11654.0,230.0,19466.0,1655.0,14349.0,49696.0,24921.0,24010.0,18543.0,38052.0,31069.0,213.0,6612.0,158.0,61283.0,1384.0,80038.0,7763.0,9442.0,3631.0,4536.0,64171.0,50275.0,24145.0,5602.0,405.0,142.0
India,Punjab,3,Amritsar,27,2011,342196.0,158405.0,24196.0,27496.0,476.0,24989.0,5056.0,17579.0,198880.0,98234.0,45061.0,21580.0,176480.0,150403.0,7267.0,17022.0,1788.0,234041.0,6372.0,274584.0,5363.0,55877.0,41449.0,18823.0,28402.0,64565.0,13238.0,56995.0,6923.0,3470.0
India,Punjab,3,Bathinda,28,2011,193315.0,86484.0,4768.0,8581.0,210.0,9789.0,1734.0,3100.0,114346.0,47248.0,31686.0,9471.0,88408.0,62375.0,603.0,25342.0,88.0,116836.0,1959.0,163354.0,7716.0,20286.0,50928.0,23957.0,12019.0,59811.0,5989.0,58235.0,985.0,465.0
India,Punjab,3,Faridkot,29,2011,147309.0,65381.0,12799.0,9799.0,118.0,9483.0,1786.0,3834.0,79721.0,36406.0,31181.0,9203.0,78375.0,58334.0,552.0,18915.0,574.0,92086.0,951.0,127776.0,6260.0,12322.0,36163.0,16909.0,9195.0,40172.0,6192.0,39826.0,2100.0,928.0
India,Punjab,3,Fatehgarh Sahib,30,2011,77602.0,36090.0,3859.0,5588.0,100.0,5887.0,317.0,4266.0,42045.0,17905.0,17625.0,5706.0,45513.0,33550.0,321.0,11401.0,241.0,54761.0,538.0,59160.0,5602.0,12302.0,15667.0,10669.0,568.0,2832.0,379.0,22890.0,818.0,162.0
India,Punjab,3,Ferozepur,31,2011,326453.0,169992.0,12272.0,16919.0,405.0,18825.0,932.0,5599.0,203304.0,66500.0,56633.0,17972.0,147260.0,118008.0,1066.0,27766.0,420.0,182424.0,1455.0,269312.0,8197.0,47489.0,53827.0,25502.0,32521.0,87947.0,15729.0,77983.0,3410.0,857.0
India,Punjab,3,Gurdaspur,32,2011,320487.0,143381.0,22767.0,32288.0,439.0,40425.0,2523.0,11581.0,181912.0,76633.0,61816.0,39051.0,171907.0,155002.0,1510.0,14766.0,629.0,231381.0,4911.0,261871.0,11854.0,41851.0,41828.0,23436.0,49513.0,83622.0,17418.0,87418.0,6643.0,3813.0
India,Punjab,3,Hoshiarpur,33,2011,316026.0,124653.0,24685.0,34290.0,611.0,38563.0,2151.0,17641.0,162054.0,85058.0,68758.0,37556.0,170472.0,148199.0,917.0,21068.0,288.0,227769.0,4394.0,247774.0,29903.0,33955.0,24138.0,10055.0,3424.0,7185.0,1409.0,40851.0,2534.0,837.0
India,Punjab,3,Jalandhar,34,2011,243193.0,118188.0,6509.0,13383.0,430.0,12918.0,1668.0,15057.0,127263.0,77934.0,37925.0,12279.0,144303.0,120184.0,1430.0,22564.0,125.0,198591.0,2659.0,199573.0,23461.0,17500.0,27998.0,10085.0,18271.0,52438.0,11280.0,34615.0,1688.0,609.0
India,Punjab,3,Kapurthala,35,2011,107191.0,46534.0,4912.0,8372.0,261.0,9504.0,2774.0,5299.0,58530.0,28776.0,19808.0,9160.0,65825.0,55767.0,522.0,9499.0,37.0,88224.0,874.0,93071.0,4408.0,8838.0,14239.0,6347.0,15265.0,31768.0,5386.0,24745.0,813.0,304.0
India,Punjab,3,Ludhiana,36,2011,378448.0,181317.0,25563.0,38439.0,722.0,27097.0,7748.0,61491.0,199653.0,103300.0,75421.0,26006.0,215338.0,159932.0,2961.0,52111.0,334.0,264252.0,6034.0,288961.0,37337.0,46116.0,45293.0,20940.0,46778.0,79633.0,27015.0,61066.0,6786.0,1684.0
India,Punjab,3,Mansa,37,2011,116780.0,52447.0,4682.0,4730.0,215.0,5166.0,231.0,1534.0,77336.0,26181.0,12998.0,4863.0,40659.0,28803.0,288.0,11453.0,115.0,55216.0,757.0,90451.0,3157.0,22415.0,26690.0,14350.0,9360.0,23815.0,3390.0,31892.0,1620.0,727.0
India,Punjab,3,Moga,38,2011,195909.0,99231.0,5651.0,8693.0,197.0,9534.0,827.0,3800.0,116917.0,44283.0,34353.0,9065.0,88886.0,65493.0,1018.0,22063.0,312.0,126102.0,1486.0,157317.0,10225.0,26881.0,38127.0,15684.0,38959.0,67814.0,17917.0,52644.0,2776.0,568.0
India,Punjab,3,Sri Muktsar Sahib,39,2011,169813.0,87617.0,3821.0,7337.0,144.0,7590.0,301.0,2186.0,102384.0,34002.0,33350.0,7320.0,68255.0,41927.0,582.0,25248.0,498.0,90215.0,3152.0,134939.0,8682.0,23040.0,40652.0,12833.0,1701.0,8099.0,743.0,42399.0,3248.0,580.0
India,Punjab,3,Shahid Bhagat Singh Nagar,40,2011,126230.0,56732.0,12303.0,8610.0,172.0,8963.0,537.0,6327.0,66484.0,36365.0,23194.0,8664.0,67814.0,56763.0,531.0,10409.0,111.0,94487.0,1801.0,98177.0,15851.0,10401.0,12182.0,5422.0,18100.0,35218.0,7535.0,19135.0,1438.0,403.0
India,Punjab,3,Patiala,41,2011,314266.0,152566.0,17565.0,20756.0,1093.0,20224.0,2317.0,14212.0,187150.0,72761.0,54274.0,19181.0,166951.0,132919.0,1628.0,31998.0,406.0,203757.0,3306.0,263503.0,11729.0,35728.0,50572.0,31652.0,20628.0,59054.0,13327.0,71800.0,3413.0,1172.0
India,Punjab,3,Rupnagar,42,2011,123885.0,38635.0,8354.0,15278.0,232.0,16496.0,883.0,8850.0,67831.0,31376.0,24663.0,16166.0,72041.0,61609.0,440.0,9770.0,222.0,85312.0,1376.0,103039.0,7585.0,11885.0,11524.0,5582.0,11822.0,24290.0,4696.0,18618.0,1409.0,403.0
India,Punjab,3,Sangrur,43,2011,223224.0,93943.0,18576.0,12899.0,330.0,13546.0,4452.0,8859.0,130475.0,51594.0,41077.0,12990.0,112323.0,85473.0,715.0,25508.0,627.0,138365.0,3552.0,163939.0,23369.0,32364.0,49457.0,34849.0,1722.0,9431.0,1893.0,69979.0,4849.0,1186.0
India,Punjab,3,Barnala,605,2011,77351.0,33233.0,2132.0,2848.0,111.0,3452.0,412.0,1495.0,43392.0,18499.0,15444.0,3298.0,37938.0,28403.0,182.0,9171.0,182.0,52260.0,1052.0,58575.0,8439.0,9285.0,19562.0,13913.0,797.0,3697.0,684.0,26272.0,796.0,322.0
India,Punjab,3,S.A.S Nagar,608,2011,80659.0,34970.0,6009.0,6993.0,183.0,7926.0,1013.0,12411.0,47552.0,21875.0,11094.0,7666.0,47836.0,38516.0,803.0,8410.0,107.0,54761.0,1614.0,69217.0,2293.0,7535.0,10176.0,2573.0,8929.0,13785.0,3125.0,12326.0,1249.0,256.0
India,Punjab,3,Tarn Taran,609,2011,251342.0,107849.0,11388.0,13704.0,310.0,15761.0,804.0,5485.0,151646.0,62540.0,36891.0,15014.0,121691.0,108096.0,908.0,12465.0,222.0,165495.0,2745.0,209189.0,3659.0,35749.0,39979.0,20750.0,10197.0,37063.0,6144.0,68560.0,1471.0,688.0
India,Punjab,3,Fazilka,651,2011,249592.0,143619.0,5388.0,8554.0,143.0,10813.0,397.0,3111.0,166992.0,48719.0,33842.0,10476.0,86894.0,67391.0,1035.0,18276.0,192.0,105373.0,716.0,180685.0,8756.0,59435.0,34413.0,16314.0,3998.0,16064.0,905.0,44108.0,1670.0,439.0
India,Punjab,3,Pathankot,662,2011,91662.0,39208.0,6063.0,12961.0,160.0,15814.0,584.0,5876.0,52482.0,19209.0,19969.0,15456.0,39328.0,35675.0,460.0,2870.0,323.0,56304.0,4450.0,62611.0,6479.0,18122.0,3697.0,1556.0,11582.0,14385.0,7833.0,6886.0,728.0,183.0
India,Chandigarh,4,Chandigarh,44,2011,15657.0,2690.0,1182.0,1779.0,17.0,1994.0,312.0,7139.0,7046.0,5119.0,3492.0,1957.0,5796.0,4754.0,140.0,896.0,6.0,7373.0,36.0,14344.0,550.0,727.0,310.0,50.0,235.0,334.0,200.0,466.0,265.0,30.0
India,Uttarakhand,5,Almora,45,2011,124179.0,3764.0,5080.0,6891.0,214.0,14387.0,1923.0,10215.0,91282.0,20134.0,12763.0,13520.0,5054.0,3899.0,68.0,985.0,102.0,8940.0,1191.0,110568.0,2946.0,9474.0,1083.0,1639.0,72597.0,61291.0,25924.0,1143.0,251.0,271.0
India,Uttarakhand,5,Bageshwar,46,2011,53137.0,2239.0,2066.0,3146.0,92.0,8218.0,1122.0,6486.0,35406.0,11105.0,6626.0,7671.0,2308.0,1496.0,19.0,747.0,46.0,5471.0,276.0,43384.0,600.0,8803.0,408.0,458.0,40105.0,31922.0,18635.0,248.0,53.0,139.0
India,Uttarakhand,5,Chamoli,47,2011,66436.0,1904.0,2012.0,4039.0,134.0,13646.0,1033.0,2944.0,40724.0,15797.0,9915.0,12618.0,2624.0,1554.0,43.0,973.0,54.0,4517.0,458.0,54428.0,1288.0,10262.0,527.0,784.0,46981.0,18543.0,8054.0,486.0,206.0,190.0
India,Uttarakhand,5,Champawat,48,2011,43500.0,2638.0,2236.0,2850.0,38.0,4733.0,314.0,1983.0,32008.0,6013.0,5479.0,4579.0,4978.0,4145.0,21.0,799.0,13.0,5840.0,411.0,35706.0,568.0,6815.0,482.0,709.0,30470.0,12343.0,5866.0,1665.0,106.0,57.0
India,Uttarakhand,5,Dehradun,49,2011,155457.0,34633.0,13303.0,26059.0,602.0,32575.0,3958.0,24264.0,77140.0,37279.0,41038.0,31418.0,72084.0,59592.0,745.0,11607.0,140.0,83865.0,1361.0,138025.0,4615.0,11456.0,3109.0,7025.0,27486.0,30395.0,11194.0,4073.0,536.0,879.0
India,Uttarakhand,5,Haridwar,50,2011,209604.0,109693.0,7526.0,8416.0,488.0,9113.0,3424.0,15036.0,132685.0,56468.0,20451.0,8749.0,78653.0,68744.0,796.0,8751.0,362.0,49743.0,957.0,186511.0,1868.0,20268.0,22186.0,21397.0,41464.0,49094.0,18441.0,33476.0,7691.0,1836.0
India,Uttarakhand,5,Nainital,51,2011,99488.0,11048.0,9436.0,8961.0,228.0,12016.0,3324.0,7777.0,60942.0,20862.0,17684.0,11234.0,29584.0,26069.0,969.0,2317.0,229.0,34054.0,1122.0,87206.0,2639.0,8505.0,2351.0,3150.0,33655.0,34751.0,7512.0,2664.0,832.0,716.0
India,Uttarakhand,5,Pauri Garhwal,52,2011,137021.0,4625.0,3844.0,12429.0,388.0,21913.0,2778.0,9036.0,82046.0,32556.0,22419.0,20716.0,16592.0,14375.0,216.0,1868.0,133.0,27505.0,1490.0,119398.0,3031.0,13102.0,1138.0,993.0,87200.0,17053.0,14691.0,996.0,90.0,97.0
India,Uttarakhand,5,Pithoragarh,53,2011,87911.0,2687.0,4613.0,5097.0,114.0,17494.0,960.0,6080.0,55644.0,17428.0,14839.0,16805.0,4585.0,3150.0,22.0,1390.0,23.0,9306.0,670.0,64745.0,1701.0,20795.0,378.0,1494.0,69162.0,38535.0,13575.0,632.0,37.0,68.0
India,Uttarakhand,5,Rudra Prayag,54,2011,46730.0,2128.0,964.0,3596.0,48.0,5506.0,1099.0,3532.0,25691.0,14563.0,6476.0,5300.0,10383.0,9943.0,69.0,355.0,16.0,4236.0,304.0,43060.0,703.0,2663.0,217.0,265.0,36915.0,13335.0,4561.0,198.0,27.0,23.0
India,Uttarakhand,5,Tehri Garhwal,55,2011,119331.0,6842.0,4428.0,5396.0,102.0,10494.0,2903.0,18033.0,84975.0,23128.0,11228.0,9742.0,9503.0,6914.0,83.0,2405.0,101.0,12685.0,501.0,107246.0,952.0,10632.0,830.0,1313.0,86189.0,63618.0,18423.0,405.0,118.0,439.0
India,Uttarakhand,5,Udam Singh Nagar,56,2011,195832.0,75647.0,11489.0,10062.0,374.0,13297.0,3865.0,17375.0,127769.0,44103.0,23960.0,12567.0,77041.0,67289.0,1031.0,8357.0,364.0,58855.0,1093.0,175409.0,3031.0,16299.0,18155.0,15591.0,46161.0,59451.0,17365.0,33759.0,4587.0,933.0
India,Uttarakhand,5,Uttar Kashi,57,2011,60297.0,1739.0,1901.0,2490.0,102.0,6062.0,378.0,1294.0,49873.0,5117.0,5307.0,5603.0,2563.0,1997.0,41.0,468.0,57.0,3741.0,354.0,43817.0,468.0,15658.0,242.0,2266.0,43052.0,27336.0,15136.0,175.0,27.0,81.0
India,Haryana,6,Ambala,58,2011,115984.0,57667.0,7180.0,5777.0,355.0,8008.0,476.0,4937.0,71122.0,27707.0,17131.0,7770.0,47439.0,40803.0,439.0,5987.0,210.0,48902.0,916.0,94743.0,4256.0,16066.0,13295.0,8021.0,20423.0,31020.0,6743.0,18020.0,1529.0,517.0
India,Haryana,6,Bhiwani,59,2011,259221.0,84725.0,12539.0,14326.0,513.0,23922.0,1312.0,8968.0,159261.0,61195.0,38750.0,23255.0,58267.0,40926.0,1325.0,15766.0,250.0,89756.0,2346.0,219519.0,4186.0,33157.0,25115.0,25497.0,94321.0,110407.0,28469.0,54229.0,1944.0,735.0
India,Haryana,6,Faridabad,60,2011,72702.0,26440.0,6045.0,5676.0,254.0,5364.0,1732.0,14556.0,38290.0,22420.0,11932.0,5241.0,34284.0,26227.0,765.0,7190.0,102.0,31981.0,339.0,59678.0,1091.0,11504.0,5741.0,1606.0,11867.0,20746.0,4919.0,8568.0,803.0,199.0
India,Haryana,6,Fatehabad,61,2011,180079.0,77626.0,9253.0,7758.0,468.0,8381.0,1219.0,3617.0,108953.0,42247.0,28357.0,7964.0,60277.0,43766.0,788.0,15432.0,291.0,65752.0,591.0,150064.0,3930.0,25480.0,28730.0,25046.0,24320.0,71400.0,6643.0,42172.0,2465.0,539.0
India,Haryana,6,Gurugram,62,2011,103961.0,27427.0,12119.0,12003.0,246.0,12472.0,4557.0,23803.0,45155.0,35905.0,22855.0,12206.0,48648.0,34786.0,1196.0,12582.0,84.0,56949.0,343.0,91803.0,2461.0,9333.0,10460.0,7001.0,24186.0,36076.0,7389.0,24313.0,2665.0,648.0
India,Haryana,6,Hisar,63,2011,366279.0,122784.0,24608.0,23555.0,849.0,32423.0,1266.0,8326.0,206365.0,97823.0,59524.0,31686.0,111906.0,81389.0,2674.0,27470.0,373.0,126192.0,1464.0,315868.0,6918.0,41944.0,37228.0,39277.0,82936.0,161519.0,27744.0,89274.0,2270.0,682.0
India,Haryana,6,Jhajjar,64,2011,134542.0,35831.0,22723.0,20359.0,518.0,22827.0,1063.0,9363.0,72680.0,33549.0,28312.0,22334.0,42361.0,32040.0,602.0,9536.0,183.0,65919.0,1543.0,112950.0,3058.0,16990.0,17504.0,11609.0,56347.0,63376.0,17559.0,34868.0,1861.0,364.0
India,Haryana,6,Jind,65,2011,189473.0,68915.0,11941.0,13044.0,233.0,14189.0,765.0,3772.0,116779.0,44222.0,28462.0,13670.0,53581.0,44660.0,741.0,8034.0,146.0,68074.0,1025.0,165922.0,4637.0,17889.0,22916.0,27385.0,48302.0,98692.0,14671.0,63874.0,2097.0,356.0
India,Haryana,6,Kaithal,66,2011,179128.0,79350.0,3959.0,6593.0,396.0,8847.0,558.0,2987.0,112639.0,40952.0,25451.0,8492.0,56958.0,47197.0,529.0,9093.0,139.0,65885.0,673.0,154141.0,3348.0,20949.0,18700.0,23035.0,30681.0,77085.0,6642.0,53681.0,1968.0,464.0
India,Haryana,6,Karnal,67,2011,218907.0,109496.0,7233.0,8881.0,706.0,10373.0,1091.0,9264.0,141549.0,49869.0,27466.0,9987.0,81890.0,69664.0,881.0,10902.0,443.0,77433.0,553.0,182206.0,2554.0,33578.0,24357.0,21430.0,47918.0,72029.0,11839.0,48367.0,2663.0,1591.0
India,Haryana,6,Kurukshetra,68,2011,148861.0,75131.0,8108.0,7070.0,462.0,9080.0,835.0,5253.0,86946.0,35018.0,26823.0,8813.0,60546.0,48749.0,642.0,10949.0,206.0,69941.0,695.0,121897.0,4956.0,21305.0,19561.0,15629.0,19774.0,46645.0,9147.0,33955.0,2711.0,442.0
India,Haryana,6,Mahendragarh,69,2011,150796.0,42596.0,12179.0,14040.0,295.0,25441.0,1021.0,7274.0,83971.0,34260.0,32475.0,24971.0,47529.0,40074.0,526.0,6829.0,100.0,52007.0,604.0,131388.0,3792.0,14998.0,8970.0,11906.0,51735.0,69673.0,16182.0,30462.0,591.0,332.0
India,Haryana,6,Panchkula,70,2011,36370.0,13975.0,1446.0,1936.0,102.0,2978.0,239.0,2655.0,23845.0,7996.0,4529.0,2874.0,13164.0,11234.0,160.0,1748.0,22.0,14448.0,196.0,28546.0,985.0,6643.0,2355.0,561.0,13866.0,10703.0,2469.0,2565.0,165.0,81.0
India,Haryana,6,Panipat,71,2011,123785.0,55781.0,25038.0,8648.0,1856.0,9658.0,1706.0,9511.0,75094.0,30796.0,17578.0,9385.0,43683.0,37003.0,718.0,5780.0,182.0,48552.0,740.0,104306.0,2165.0,16551.0,12124.0,6849.0,33483.0,39230.0,10924.0,32861.0,8826.0,586.0
India,Haryana,6,Rewari,72,2011,138581.0,43173.0,8389.0,14641.0,246.0,23837.0,1697.0,11295.0,74004.0,32348.0,32203.0,23414.0,52763.0,43744.0,758.0,8173.0,88.0,60296.0,1036.0,115548.0,5272.0,16711.0,10246.0,11178.0,25165.0,63705.0,8104.0,31082.0,393.0,263.0
India,Haryana,6,Rohtak,73,2011,129787.0,37419.0,15406.0,13605.0,269.0,18191.0,1121.0,6425.0,73101.0,34458.0,22161.0,17559.0,38662.0,31024.0,907.0,6585.0,146.0,62797.0,693.0,115581.0,2383.0,11070.0,16222.0,12859.0,46452.0,62839.0,18363.0,34015.0,2077.0,648.0
India,Haryana,6,Sirsa,74,2011,210552.0,88258.0,14413.0,7432.0,603.0,7355.0,652.0,3476.0,118285.0,56955.0,34891.0,6956.0,77701.0,50550.0,1309.0,24844.0,998.0,81229.0,2788.0,174884.0,7392.0,25263.0,45675.0,34739.0,55958.0,74713.0,17430.0,59618.0,6133.0,2053.0
India,Haryana,6,Sonipat,75,2011,185143.0,64464.0,26044.0,19405.0,696.0,22062.0,2324.0,15107.0,106118.0,47547.0,31448.0,21570.0,59518.0,48481.0,974.0,9744.0,319.0,81172.0,1180.0,158309.0,3710.0,21933.0,22801.0,13459.0,54901.0,73146.0,22952.0,49399.0,4583.0,464.0
India,Haryana,6,Yamunanagar,76,2011,138559.0,72060.0,7633.0,6910.0,301.0,8280.0,509.0,4401.0,92528.0,27469.0,18532.0,8007.0,55634.0,47677.0,495.0,7389.0,73.0,49888.0,992.0,110139.0,3455.0,23973.0,16992.0,11403.0,19925.0,40942.0,7908.0,24505.0,973.0,546.0
India,Haryana,6,Nuh,604,2011,145779.0,59881.0,7738.0,3671.0,562.0,4095.0,932.0,4877.0,102012.0,32031.0,11712.0,3933.0,43755.0,35192.0,909.0,7141.0,513.0,30855.0,1192.0,123974.0,1355.0,19234.0,12162.0,5314.0,36922.0,46210.0,16636.0,22592.0,4347.0,930.0
India,Haryana,6,Palwal,619,2011,149034.0,57491.0,5701.0,7563.0,622.0,10918.0,1572.0,13042.0,97040.0,33374.0,18590.0,10617.0,53005.0,45065.0,877.0,6931.0,132.0,44543.0,1183.0,119800.0,2927.0,25118.0,16313.0,9276.0,31095.0,59004.0,12373.0,27040.0,2280.0,461.0
India,Haryana,6,Charki Dadri,701,2011,84139.0,23300.0,4066.0,6279.0,96.0,12886.0,424.0,1998.0,47778.0,19081.0,17276.0,12566.0,21560.0,15748.0,243.0,5492.0,77.0,35696.0,497.0,74224.0,1245.0,8169.0,7904.0,10052.0,34069.0,43208.0,12982.0,23960.0,401.0,159.0
India,Rajasthan,8,Ajmer,86,2011,311000.0,77583.0,5650.0,9013.0,773.0,17623.0,1990.0,8626.0,233913.0,52634.0,24002.0,16808.0,87685.0,77479.0,915.0,9051.0,240.0,21626.0,953.0,219758.0,5160.0,85129.0,13290.0,20968.0,174634.0,109207.0,68466.0,46786.0,1075.0,338.0
India,Rajasthan,8,Alwar,87,2011,513384.0,158599.0,9422.0,27287.0,2531.0,46877.0,2890.0,12187.0,315645.0,122096.0,75424.0,45864.0,154496.0,125318.0,1265.0,27658.0,255.0,93660.0,1251.0,390443.0,10304.0,111386.0,39656.0,77203.0,120360.0,255253.0,51985.0,151386.0,2451.0,1213.0
India,Rajasthan,8,Banswara,88,2011,352093.0,55450.0,8176.0,7876.0,1286.0,12099.0,844.0,4393.0,321290.0,15389.0,15134.0,11554.0,29584.0,26523.0,272.0,2625.0,164.0,14519.0,1176.0,82574.0,2896.0,265447.0,4364.0,5520.0,201147.0,123571.0,50609.0,6944.0,667.0,412.0
India,Rajasthan,8,Baran,89,2011,211868.0,90409.0,2218.0,4080.0,811.0,6674.0,591.0,1996.0,169221.0,28398.0,14153.0,6068.0,52148.0,44167.0,179.0,7659.0,143.0,11771.0,390.0,132950.0,2160.0,76368.0,16555.0,31418.0,46499.0,78152.0,17862.0,48044.0,926.0,584.0
India,Rajasthan,8,Barmer,90,2011,464843.0,66274.0,8746.0,12057.0,5230.0,19022.0,3483.0,22721.0,352232.0,73773.0,38565.0,18070.0,44993.0,28074.0,853.0,15688.0,378.0,18334.0,1525.0,262809.0,6108.0,194401.0,19285.0,31703.0,329325.0,68086.0,61054.0,35616.0,855.0,455.0
India,Rajasthan,8,Bharatpur,91,2011,343912.0,106955.0,3191.0,14675.0,1609.0,26170.0,2355.0,5532.0,229543.0,72248.0,42113.0,25475.0,90311.0,75539.0,689.0,13836.0,247.0,49333.0,663.0,257567.0,4123.0,81559.0,27541.0,62502.0,88962.0,170091.0,57286.0,78467.0,1962.0,1225.0
India,Rajasthan,8,Bhilwara,92,2011,389727.0,84611.0,2975.0,9238.0,1470.0,14263.0,2992.0,10167.0,321508.0,46069.0,21603.0,13236.0,99476.0,89685.0,621.0,8959.0,211.0,20673.0,861.0,235330.0,7584.0,145952.0,11219.0,19443.0,196757.0,153272.0,72437.0,71983.0,746.0,452.0
India,Rajasthan,8,Bikaner,93,2011,256741.0,61262.0,1878.0,4861.0,759.0,8286.0,751.0,3047.0,184776.0,50373.0,21387.0,7856.0,27459.0,14237.0,741.0,12245.0,236.0,16332.0,646.0,214891.0,3861.0,37343.0,9921.0,24730.0,133702.0,43381.0,11388.0,16083.0,321.0,445.0
India,Rajasthan,8,Bundi,94,2011,195654.0,71715.0,3204.0,3570.0,710.0,5766.0,1506.0,2615.0,167880.0,17991.0,9369.0,5426.0,40868.0,36007.0,279.0,4231.0,351.0,7810.0,763.0,108844.0,1896.0,84151.0,12416.0,21705.0,49004.0,79700.0,14733.0,44940.0,1281.0,457.0
India,Rajasthan,8,Chittorgarh,95,2011,274103.0,66548.0,1116.0,6081.0,1064.0,9016.0,1130.0,4654.0,230279.0,28664.0,14871.0,8471.0,79256.0,70903.0,468.0,7760.0,125.0,14234.0,583.0,167614.0,5112.0,100794.0,9623.0,19021.0,119570.0,131175.0,45944.0,90285.0,906.0,371.0
India,Rajasthan,8,Churu,96,2011,274894.0,37467.0,3496.0,8349.0,790.0,17080.0,1126.0,5426.0,199500.0,47317.0,28039.0,16516.0,21268.0,11273.0,510.0,9285.0,200.0,26580.0,1133.0,196212.0,7008.0,70541.0,5624.0,27356.0,206679.0,21111.0,9792.0,11047.0,158.0,169.0
India,Rajasthan,8,Dausa,97,2011,263893.0,76743.0,7441.0,11180.0,1334.0,19901.0,1822.0,7022.0,188654.0,47257.0,27931.0,19363.0,59278.0,51874.0,465.0,6754.0,185.0,19578.0,894.0,180384.0,3554.0,79061.0,14780.0,22675.0,96368.0,117048.0,37047.0,70870.0,2613.0,573.0
India,Rajasthan,8,Dholpur,98,2011,173337.0,65830.0,1625.0,3540.0,995.0,5639.0,427.0,1656.0,130691.0,30008.0,12638.0,5392.0,26834.0,22443.0,239.0,3987.0,165.0,9607.0,286.0,95504.0,1578.0,75969.0,7881.0,10696.0,44856.0,70218.0,22645.0,20876.0,1246.0,597.0
India,Rajasthan,8,Dungarpur,99,2011,295611.0,73463.0,6414.0,7186.0,1165.0,11785.0,1436.0,4003.0,264231.0,15897.0,14086.0,11238.0,22910.0,20216.0,192.0,2288.0,214.0,11563.0,528.0,85395.0,4659.0,205029.0,3305.0,3177.0,171821.0,82449.0,45083.0,12013.0,822.0,314.0
India,Rajasthan,8,Ganganagar,100,2011,284336.0,123336.0,8800.0,7385.0,620.0,11046.0,1336.0,4630.0,192297.0,55476.0,36523.0,10453.0,62985.0,40680.0,976.0,21106.0,223.0,68495.0,1432.0,211855.0,11734.0,59315.0,41298.0,40829.0,51064.0,99797.0,15925.0,32487.0,2211.0,565.0
India,Rajasthan,8,Hanumangarh,101,2011,275571.0,83432.0,5872.0,6472.0,970.0,10423.0,1131.0,4012.0,181528.0,56741.0,37299.0,10123.0,54315.0,32900.0,608.0,20606.0,201.0,58758.0,1371.0,208906.0,9748.0,55546.0,32908.0,46721.0,110878.0,99973.0,21305.0,45130.0,635.0,351.0
India,Rajasthan,8,Jaipur,102,2011,526736.0,170194.0,6253.0,22792.0,2106.0,38918.0,3760.0,18542.0,342918.0,120491.0,63054.0,37769.0,181794.0,145342.0,1420.0,34584.0,448.0,65727.0,1650.0,412387.0,10273.0,102426.0,37955.0,50467.0,177601.0,191976.0,51899.0,149037.0,2736.0,963.0
India,Rajasthan,8,Jaisalmer,103,2011,109631.0,38895.0,1068.0,2813.0,924.0,5944.0,328.0,943.0,76432.0,23019.0,10122.0,5746.0,10405.0,6043.0,444.0,3671.0,247.0,5351.0,359.0,74373.0,1192.0,33707.0,3898.0,6958.0,43028.0,12634.0,5225.0,2729.0,395.0,425.0
India,Rajasthan,8,Jalore,104,2011,324303.0,57863.0,14038.0,8213.0,2341.0,8905.0,3244.0,21708.0,220604.0,72529.0,31044.0,8519.0,53327.0,29202.0,879.0,22916.0,330.0,14104.0,866.0,239767.0,5298.0,78372.0,35829.0,38332.0,175631.0,124412.0,65525.0,70249.0,1369.0,916.0
India,Rajasthan,8,Jhalawar,105,2011,260342.0,98721.0,2784.0,3843.0,1296.0,7083.0,501.0,2267.0,227344.0,22153.0,10622.0,6437.0,46694.0,41101.0,223.0,5143.0,227.0,10850.0,532.0,152318.0,3914.0,103578.0,10177.0,25966.0,73086.0,109204.0,28770.0,71742.0,1321.0,514.0
India,Rajasthan,8,Jhunjhunu,106,2011,317444.0,58236.0,8205.0,25945.0,935.0,50396.0,4622.0,15780.0,160181.0,85918.0,71327.0,49606.0,59255.0,43334.0,896.0,14831.0,194.0,76627.0,1901.0,264333.0,15233.0,35977.0,9528.0,29980.0,157488.0,124635.0,31219.0,81499.0,757.0,290.0
India,Rajasthan,8,Jodhpur,107,2011,457675.0,72454.0,19820.0,18203.0,2475.0,33014.0,2985.0,20280.0,291202.0,108869.0,57421.0,32114.0,110119.0,85404.0,1194.0,23319.0,202.0,40676.0,904.0,363590.0,6433.0,86748.0,28433.0,25084.0,271281.0,62948.0,39415.0,36395.0,1660.0,726.0
India,Rajasthan,8,Karauli,108,2011,250338.0,97042.0,2640.0,12088.0,1710.0,20626.0,1148.0,3095.0,184170.0,38967.0,27157.0,19943.0,41466.0,35079.0,504.0,5661.0,222.0,16641.0,545.0,161270.0,3938.0,84585.0,9958.0,10002.0,84766.0,80327.0,39022.0,40011.0,1317.0,502.0
India,Rajasthan,8,Kota,109,2011,138124.0,61522.0,1521.0,2875.0,570.0,4113.0,2459.0,3709.0,106373.0,21123.0,10496.0,3856.0,39651.0,33823.0,166.0,5580.0,82.0,7998.0,277.0,95297.0,2253.0,40297.0,10049.0,18890.0,30541.0,46710.0,13617.0,26790.0,423.0,349.0
India,Rajasthan,8,Nagaur,110,2011,512183.0,99914.0,5907.0,18213.0,2167.0,35311.0,1890.0,13073.0,342148.0,113889.0,55936.0,34170.0,97762.0,71863.0,902.0,24760.0,237.0,55324.0,1727.0,409051.0,13483.0,87922.0,19836.0,32048.0,328195.0,74425.0,37110.0,38651.0,743.0,488.0
India,Rajasthan,8,Pali,111,2011,347265.0,93512.0,10802.0,11200.0,1896.0,15557.0,4079.0,21087.0,238429.0,75566.0,33154.0,14916.0,88292.0,77497.0,992.0,9642.0,161.0,23118.0,2503.0,254121.0,11541.0,79100.0,14919.0,21714.0,156967.0,85496.0,52396.0,47372.0,1009.0,623.0
India,Rajasthan,8,Rajsamand,112,2011,220068.0,48499.0,4841.0,6431.0,860.0,8797.0,2371.0,10536.0,174356.0,31265.0,14221.0,8103.0,53014.0,45839.0,720.0,6359.0,96.0,11502.0,497.0,148644.0,3845.0,67082.0,3957.0,3153.0,120847.0,111375.0,47398.0,29276.0,408.0,154.0
India,Rajasthan,8,Sawai Madhopur,113,2011,220876.0,75540.0,3353.0,8911.0,1791.0,13685.0,761.0,2185.0,170595.0,31550.0,18668.0,13125.0,37128.0,31695.0,212.0,5100.0,121.0,12167.0,425.0,145059.0,3183.0,72209.0,11100.0,16862.0,77160.0,80988.0,32500.0,55418.0,1039.0,483.0
India,Rajasthan,8,Sikar,114,2011,365116.0,77238.0,7104.0,20732.0,1492.0,39519.0,2322.0,17307.0,193025.0,104325.0,67665.0,38705.0,71067.0,47873.0,1250.0,21746.0,198.0,57739.0,1420.0,302024.0,11240.0,50432.0,13812.0,55915.0,175550.0,129855.0,31570.0,95424.0,1043.0,452.0
India,Rajasthan,8,Sirohi,115,2011,168925.0,47887.0,4055.0,4752.0,975.0,6149.0,2235.0,17607.0,120849.0,33735.0,14222.0,5827.0,30823.0,25724.0,948.0,4034.0,117.0,10869.0,390.0,107001.0,2907.0,58627.0,8360.0,9178.0,52553.0,62229.0,18876.0,37565.0,967.0,175.0
India,Rajasthan,8,Tonk,116,2011,233126.0,59506.0,2621.0,5823.0,1357.0,10462.0,601.0,2787.0,180625.0,34734.0,17452.0,10041.0,56074.0,47860.0,315.0,7778.0,121.0,12053.0,540.0,147657.0,3875.0,81054.0,16204.0,24606.0,120374.0,83968.0,47891.0,61073.0,1315.0,358.0
India,Rajasthan,8,Udaipur,117,2011,541055.0,128439.0,7352.0,14463.0,1566.0,19374.0,2383.0,12449.0,469253.0,44285.0,27120.0,18205.0,84250.0,72082.0,1600.0,9808.0,760.0,28162.0,1232.0,238514.0,7614.0,293695.0,8045.0,6423.0,293726.0,180792.0,88121.0,51685.0,1493.0,691.0
India,Rajasthan,8,Pratapgarh,629,2011,177687.0,38832.0,740.0,1894.0,564.0,3205.0,197.0,849.0,161528.0,11014.0,5100.0,2952.0,25747.0,21437.0,205.0,3996.0,109.0,6415.0,179.0,63865.0,1308.0,112335.0,3890.0,8559.0,89123.0,74659.0,18997.0,34449.0,436.0,213.0
India,Uttar Pradesh,9,Agra,118,2011,372905.0,107708.0,26541.0,48098.0,509.0,11531.0,13925.0,25808.0,228206.0,104946.0,39224.0,10584.0,165835.0,136272.0,8420.0,20329.0,814.0,100040.0,4942.0,305222.0,33402.0,28867.0,40859.0,57919.0,33848.0,170007.0,23000.0,85739.0,8479.0,8685.0
India,Uttar Pradesh,9,Aligarh,119,2011,396002.0,159545.0,4468.0,11543.0,291.0,17703.0,7866.0,4871.0,281907.0,83008.0,31087.0,17305.0,105340.0,95022.0,1187.0,9116.0,15.0,40536.0,1486.0,360695.0,2805.0,31016.0,24593.0,48211.0,79754.0,203655.0,51297.0,84062.0,4804.0,825.0
India,Uttar Pradesh,9,Prayagraj,120,2011,692126.0,252510.0,14424.0,26523.0,1225.0,40885.0,11066.0,18846.0,446168.0,167898.0,78060.0,38847.0,215120.0,187219.0,4849.0,17176.0,5876.0,48866.0,4142.0,601956.0,8755.0,77273.0,43014.0,26765.0,142888.0,295938.0,117754.0,75395.0,9181.0,5452.0
India,Uttar Pradesh,9,Ambedkar Nagar,121,2011,319305.0,66891.0,7002.0,15108.0,412.0,19586.0,4381.0,4115.0,214390.0,73628.0,31287.0,19079.0,75345.0,64302.0,1127.0,9906.0,10.0,16336.0,774.0,295052.0,4056.0,19423.0,24042.0,18094.0,58482.0,224192.0,44686.0,69508.0,2166.0,698.0
India,Uttar Pradesh,9,Auraiya,122,2011,207191.0,56029.0,10382.0,6281.0,424.0,7985.0,2044.0,7456.0,162898.0,32308.0,11985.0,7415.0,36944.0,32174.0,917.0,3309.0,544.0,13786.0,2022.0,178970.0,3066.0,23133.0,9288.0,9866.0,58697.0,104209.0,44420.0,19411.0,1840.0,920.0
India,Uttar Pradesh,9,Azamgarh,123,2011,606876.0,52409.0,20332.0,16671.0,997.0,21707.0,24783.0,55009.0,377173.0,155109.0,61342.0,19989.0,246309.0,231413.0,5697.0,7902.0,1297.0,63789.0,12810.0,565476.0,12351.0,16040.0,34458.0,45285.0,62495.0,427012.0,33451.0,130834.0,7860.0,2747.0
India,Uttar Pradesh,9,Baghpat,124,2011,161157.0,46368.0,17238.0,10716.0,421.0,4954.0,5256.0,9265.0,65986.0,80538.0,14633.0,4483.0,54489.0,48409.0,2338.0,2800.0,942.0,48330.0,3739.0,145792.0,2091.0,9535.0,24385.0,20608.0,21002.0,49522.0,19558.0,32294.0,10263.0,4534.0
India,Uttar Pradesh,9,Bahraich,125,2011,524467.0,129077.0,15514.0,4623.0,669.0,7555.0,6182.0,5475.0,453972.0,51496.0,18999.0,6571.0,62249.0,56582.0,1524.0,4052.0,91.0,14339.0,9044.0,397978.0,3157.0,114288.0,21381.0,22359.0,148112.0,249652.0,48069.0,54737.0,5857.0,2672.0
India,Uttar Pradesh,9,Ballia,126,2011,358280.0,155687.0,4755.0,19472.0,779.0,35937.0,11723.0,6413.0,240125.0,72597.0,45558.0,34661.0,61469.0,54705.0,799.0,5322.0,643.0,15358.0,656.0,320329.0,3123.0,34172.0,10715.0,15730.0,70175.0,145201.0,36236.0,34871.0,1189.0,777.0
India,Uttar Pradesh,9,Balrampur,127,2011,290246.0,97276.0,6062.0,3638.0,781.0,5757.0,1672.0,4033.0,205879.0,62896.0,21471.0,5445.0,62391.0,54157.0,907.0,7322.0,5.0,10604.0,643.0,245701.0,2636.0,41266.0,24816.0,11726.0,86339.0,130846.0,42039.0,52057.0,2038.0,604.0
India,Uttar Pradesh,9,Banda,128,2011,266622.0,108625.0,4039.0,5094.0,531.0,6785.0,1120.0,1319.0,219669.0,36057.0,10896.0,5952.0,51338.0,44967.0,1796.0,3223.0,1352.0,8078.0,1851.0,231794.0,2915.0,30062.0,9535.0,20743.0,80503.0,63610.0,42346.0,16004.0,1987.0,2276.0
India,Uttar Pradesh,9,Barabanki,129,2011,518293.0,152381.0,5988.0,8296.0,1066.0,14057.0,2548.0,2769.0,407725.0,80982.0,29586.0,13142.0,113438.0,101254.0,974.0,11152.0,58.0,21552.0,944.0,424327.0,3589.0,89433.0,36696.0,49637.0,74942.0,294607.0,62788.0,136446.0,5472.0,1104.0
India,Uttar Pradesh,9,Bareilly,130,2011,459428.0,188561.0,5911.0,9133.0,647.0,10107.0,3134.0,5378.0,355835.0,78483.0,25110.0,9048.0,133088.0,120313.0,3279.0,7873.0,1623.0,28561.0,1945.0,404557.0,4602.0,48324.0,28334.0,36166.0,84422.0,193382.0,77376.0,104066.0,7310.0,3860.0
India,Uttar Pradesh,9,Basti,131,2011,377649.0,89239.0,6696.0,14014.0,738.0,20227.0,6190.0,7022.0,266991.0,75790.0,34868.0,19346.0,75957.0,65006.0,1103.0,9838.0,10.0,17270.0,985.0,339257.0,2867.0,34540.0,33540.0,18734.0,75783.0,249573.0,45279.0,85308.0,2140.0,458.0
India,Uttar Pradesh,9,Bijnor,132,2011,489378.0,217060.0,12208.0,7153.0,576.0,9649.0,7256.0,12291.0,342329.0,110590.0,36458.0,8946.0,127293.0,121726.0,1521.0,3422.0,624.0,51102.0,5530.0,432157.0,2512.0,49179.0,33872.0,73450.0,7019.0,169265.0,4968.0,69568.0,10414.0,3227.0
India,Uttar Pradesh,9,Budaun,133,2011,403177.0,115478.0,5100.0,5413.0,488.0,6913.0,1645.0,4343.0,314105.0,68101.0,20971.0,6051.0,97080.0,83673.0,2499.0,8361.0,2547.0,18391.0,2723.0,336754.0,3693.0,60007.0,25732.0,30863.0,99961.0,216999.0,86981.0,89681.0,6251.0,2863.0
India,Uttar Pradesh,9,Bulandshahr,134,2011,424093.0,171792.0,8169.0,13162.0,499.0,23646.0,7465.0,10263.0,281097.0,101494.0,41502.0,22097.0,152050.0,135644.0,2285.0,13669.0,452.0,62392.0,1581.0,387610.0,3984.0,30918.0,34579.0,68560.0,56565.0,210507.0,43174.0,92931.0,2054.0,1489.0
India,Uttar Pradesh,9,Chandauli,135,2011,262593.0,138476.0,3391.0,8365.0,322.0,15132.0,2468.0,2584.0,196974.0,44195.0,21424.0,14384.0,53001.0,45894.0,1923.0,4315.0,869.0,10979.0,1350.0,232412.0,3778.0,25053.0,10351.0,8214.0,31372.0,88270.0,20515.0,17266.0,1844.0,769.0
India,Uttar Pradesh,9,Chitrakoot,136,2011,151240.0,50261.0,1084.0,3313.0,343.0,6106.0,572.0,575.0,121707.0,18408.0,11125.0,5599.0,19535.0,15931.0,329.0,3068.0,207.0,5565.0,229.0,126500.0,718.0,23793.0,4590.0,9448.0,59900.0,56632.0,37418.0,10378.0,322.0,583.0
India,Uttar Pradesh,9,Deoria,137,2011,448073.0,70122.0,25161.0,21484.0,991.0,33277.0,17003.0,72650.0,271529.0,119418.0,57126.0,32120.0,82045.0,75018.0,1308.0,5708.0,11.0,22285.0,3300.0,411354.0,2080.0,31339.0,22362.0,14446.0,163398.0,312873.0,66066.0,58804.0,3933.0,390.0
India,Uttar Pradesh,9,Etah,138,2011,241868.0,55311.0,4076.0,5894.0,260.0,11768.0,2290.0,2562.0,181350.0,40550.0,19968.0,11216.0,59898.0,53907.0,538.0,5452.0,1.0,12184.0,429.0,211691.0,1867.0,27881.0,16647.0,18659.0,78163.0,165209.0,39210.0,57482.0,1429.0,319.0
India,Uttar Pradesh,9,Etawah,139,2011,213679.0,50058.0,19411.0,6687.0,299.0,11629.0,3886.0,8607.0,170301.0,28890.0,14483.0,10918.0,39048.0,35249.0,379.0,3227.0,193.0,18853.0,1619.0,183396.0,1555.0,27104.0,7918.0,13896.0,96385.0,128010.0,25364.0,24221.0,2442.0,332.0
India,Uttar Pradesh,9,Ayodhya,140,2011,376770.0,96190.0,6631.0,14723.0,697.0,24577.0,8117.0,6667.0,260930.0,79666.0,36174.0,24043.0,71511.0,62332.0,722.0,8448.0,9.0,21571.0,600.0,327437.0,2990.0,45743.0,17114.0,16040.0,46822.0,240104.0,36541.0,74614.0,1424.0,233.0
India,Uttar Pradesh,9,Farrukhabad,141,2011,246248.0,80237.0,3166.0,5223.0,364.0,10196.0,1232.0,5740.0,186904.0,41910.0,17434.0,9595.0,44597.0,38295.0,533.0,5346.0,423.0,12996.0,638.0,215695.0,1987.0,27926.0,15065.0,21832.0,33774.0,124867.0,28628.0,50060.0,1201.0,610.0
India,Uttar Pradesh,9,Fatehpur,142,2011,405391.0,151442.0,5301.0,6883.0,798.0,13721.0,4475.0,5008.0,309968.0,70866.0,24557.0,12889.0,67248.0,63949.0,293.0,2795.0,211.0,14569.0,1147.0,343157.0,3048.0,58039.0,13372.0,18052.0,51523.0,193043.0,31852.0,34974.0,2574.0,967.0
India,Uttar Pradesh,9,Firozabad,143,2011,257484.0,86636.0,3815.0,7406.0,382.0,10869.0,5454.0,3384.0,183690.0,52526.0,21268.0,10186.0,84292.0,76160.0,1684.0,5518.0,930.0,30352.0,1453.0,227552.0,1998.0,26481.0,11829.0,18895.0,51648.0,136482.0,39519.0,26291.0,1766.0,1335.0
India,Uttar Pradesh,9,Gautam Buddha Nagar,144,2011,42471.0,11551.0,4496.0,2504.0,60.0,3485.0,1345.0,7630.0,20928.0,14637.0,6906.0,3266.0,21910.0,16291.0,579.0,3892.0,1148.0,14783.0,1838.0,36553.0,763.0,3317.0,3544.0,3299.0,12824.0,14974.0,4097.0,6888.0,586.0,349.0
India,Uttar Pradesh,9,Ghaziabad,145,2011,106910.0,37498.0,11258.0,4675.0,165.0,6045.0,3577.0,21090.0,48954.0,40958.0,16998.0,5230.0,46540.0,38991.0,1550.0,5256.0,743.0,40061.0,4218.0,94626.0,2092.0,5974.0,8972.0,7552.0,23824.0,28729.0,9544.0,12989.0,1994.0,741.0
India,Uttar Pradesh,9,Ghazipur,146,2011,477191.0,102623.0,12066.0,18956.0,623.0,36032.0,10615.0,11822.0,323503.0,98307.0,55363.0,34685.0,136628.0,125162.0,1974.0,6620.0,2872.0,27132.0,5059.0,428378.0,7351.0,36401.0,24326.0,28048.0,74912.0,260681.0,50031.0,51269.0,4396.0,2070.0
India,Uttar Pradesh,9,Gonda,147,2011,523254.0,111796.0,7772.0,13070.0,999.0,22170.0,4252.0,5038.0,377481.0,103110.0,42662.0,20946.0,101620.0,87392.0,1224.0,12979.0,25.0,25166.0,779.0,450140.0,5111.0,67223.0,41362.0,35107.0,98303.0,355012.0,66530.0,137266.0,3514.0,742.0
India,Uttar Pradesh,9,Gorakhpur,148,2011,569449.0,212513.0,14274.0,21603.0,1505.0,34756.0,8918.0,11801.0,378474.0,129864.0,61111.0,33794.0,103392.0,92336.0,2123.0,8924.0,9.0,29401.0,1528.0,500995.0,5212.0,61714.0,30959.0,15591.0,122909.0,274400.0,54295.0,69824.0,4417.0,705.0
India,Uttar Pradesh,9,Hamirpur,149,2011,173890.0,57389.0,1620.0,4323.0,261.0,6559.0,954.0,560.0,141310.0,23655.0,8925.0,5889.0,27452.0,20197.0,639.0,6219.0,397.0,9043.0,311.0,155537.0,1398.0,16644.0,8576.0,22853.0,71072.0,59540.0,45730.0,14509.0,438.0,548.0
India,Uttar Pradesh,9,Hardoi,150,2011,676777.0,136239.0,5982.0,10459.0,718.0,13781.0,1924.0,2992.0,572692.0,76857.0,27228.0,12230.0,196101.0,141662.0,5030.0,46404.0,3005.0,44814.0,3157.0,586415.0,6299.0,80906.0,37994.0,47742.0,129574.0,351936.0,111967.0,109161.0,8852.0,3225.0
India,Uttar Pradesh,9,Jalaun,151,2011,211406.0,54029.0,8286.0,5391.0,229.0,7057.0,2564.0,2962.0,162621.0,34754.0,14031.0,6495.0,48744.0,42539.0,643.0,5260.0,302.0,18762.0,1836.0,194922.0,1214.0,13434.0,20068.0,25462.0,109216.0,115649.0,36117.0,27335.0,1362.0,803.0
India,Uttar Pradesh,9,Jaunpur,152,2011,585443.0,119398.0,22799.0,21359.0,837.0,30076.0,16134.0,45619.0,363674.0,155119.0,66649.0,28449.0,170246.0,158578.0,1977.0,8955.0,736.0,40912.0,7001.0,545951.0,7820.0,24670.0,35441.0,43564.0,194020.0,336973.0,82421.0,127073.0,6927.0,2466.0
India,Uttar Pradesh,9,Jhansi,153,2011,209435.0,42255.0,6843.0,5187.0,349.0,6639.0,468.0,2435.0,170327.0,28061.0,11047.0,6129.0,46562.0,40167.0,779.0,5321.0,295.0,16445.0,1216.0,190747.0,1535.0,15937.0,24623.0,51424.0,119265.0,113615.0,55865.0,46441.0,2047.0,1419.0
India,Uttar Pradesh,9,Amroha,154,2011,210936.0,42354.0,10777.0,6635.0,345.0,3739.0,5249.0,29205.0,131954.0,60190.0,18710.0,3117.0,119774.0,108432.0,4992.0,3019.0,3331.0,48802.0,6873.0,185707.0,3328.0,15024.0,7494.0,12003.0,12144.0,33520.0,5801.0,18476.0,10267.0,5393.0
India,Uttar Pradesh,9,Kannauj,155,2011,232933.0,51278.0,2935.0,5638.0,581.0,9461.0,1075.0,1905.0,180845.0,37595.0,14493.0,8797.0,42318.0,36184.0,454.0,5433.0,247.0,13156.0,353.0,198061.0,1398.0,33121.0,10332.0,23810.0,38379.0,149210.0,46969.0,40773.0,678.0,539.0
India,Uttar Pradesh,9,Kanpur Dehat,156,2011,293813.0,109968.0,4305.0,7301.0,636.0,12250.0,2707.0,5279.0,232084.0,43800.0,17929.0,11485.0,54842.0,46580.0,993.0,6709.0,560.0,18133.0,869.0,255531.0,2783.0,34630.0,11562.0,18844.0,51867.0,131383.0,49166.0,30095.0,1894.0,1420.0
India,Uttar Pradesh,9,Kanpur Nagar,157,2011,279719.0,90900.0,6752.0,4855.0,461.0,7237.0,4180.0,15504.0,226599.0,39298.0,13822.0,6713.0,56542.0,52035.0,690.0,3239.0,578.0,15774.0,1950.0,232958.0,1799.0,43012.0,10911.0,16100.0,78347.0,94291.0,23522.0,26252.0,5706.0,1966.0
India,Uttar Pradesh,9,Kaushambi,158,2011,242316.0,89076.0,5892.0,5715.0,459.0,8558.0,2109.0,6487.0,196292.0,33120.0,12904.0,8127.0,40877.0,37483.0,561.0,2441.0,392.0,10689.0,1966.0,210410.0,1263.0,28677.0,5917.0,6911.0,44884.0,77568.0,19613.0,9223.0,1157.0,816.0
India,Uttar Pradesh,9,Kheri,159,2011,640628.0,240929.0,5899.0,8057.0,1021.0,12195.0,1584.0,1628.0,526773.0,83148.0,30707.0,10881.0,130705.0,112559.0,1004.0,17127.0,15.0,27011.0,1473.0,489017.0,5211.0,144927.0,43606.0,61565.0,132227.0,324002.0,88154.0,125195.0,4460.0,876.0
India,Uttar Pradesh,9,Kushi Nagar,160,2011,543474.0,108530.0,6511.0,11067.0,1274.0,17831.0,8126.0,6640.0,372550.0,127500.0,43424.0,17303.0,73927.0,63484.0,1028.0,9393.0,22.0,16070.0,685.0,481402.0,3979.0,57408.0,19070.0,15718.0,95750.0,389453.0,57889.0,41548.0,1321.0,357.0
India,Uttar Pradesh,9,Lalitpur,161,2011,185248.0,25930.0,4486.0,2477.0,125.0,3745.0,271.0,951.0,159115.0,18596.0,7537.0,3298.0,56568.0,52723.0,661.0,3033.0,151.0,5887.0,1740.0,157202.0,852.0,25454.0,20639.0,46148.0,98122.0,127891.0,45558.0,60893.0,1538.0,1188.0
India,Uttar Pradesh,9,Lucknow,162,2011,276550.0,84997.0,5413.0,9882.0,512.0,15116.0,2475.0,7284.0,218342.0,37855.0,20353.0,14657.0,73038.0,66275.0,709.0,6038.0,16.0,32840.0,633.0,224318.0,1949.0,49650.0,10553.0,9473.0,51890.0,145655.0,35436.0,37774.0,1525.0,277.0
India,Uttar Pradesh,9,Hathras,163,2011,199339.0,78235.0,12464.0,7450.0,392.0,11008.0,2347.0,4109.0,131308.0,43251.0,24780.0,8516.0,89146.0,80197.0,2625.0,4590.0,1734.0,45420.0,3285.0,167684.0,2724.0,25646.0,21292.0,28742.0,38843.0,77443.0,40208.0,32782.0,2657.0,2449.0
India,Uttar Pradesh,9,Mahrajganj,164,2011,402270.0,58312.0,4071.0,8309.0,976.0,13628.0,1847.0,2295.0,300768.0,75034.0,26468.0,12942.0,62533.0,52979.0,942.0,8610.0,2.0,14513.0,531.0,343210.0,2895.0,55634.0,26102.0,19423.0,65154.0,321539.0,35348.0,71053.0,839.0,414.0
India,Uttar Pradesh,9,Mahoba,165,2011,127374.0,33111.0,1957.0,2664.0,186.0,3686.0,291.0,576.0,104163.0,17194.0,6017.0,3224.0,22522.0,16095.0,567.0,5680.0,180.0,4912.0,151.0,113427.0,540.0,13256.0,8974.0,21126.0,61221.0,39724.0,30776.0,28249.0,484.0,243.0
India,Uttar Pradesh,9,Mainpuri,166,2011,258764.0,40364.0,9573.0,7248.0,704.0,12066.0,1118.0,7083.0,207963.0,35123.0,15678.0,11504.0,59082.0,53033.0,688.0,4533.0,828.0,19708.0,2302.0,229150.0,1571.0,25741.0,12572.0,13977.0,62250.0,149487.0,21103.0,45143.0,1456.0,596.0
India,Uttar Pradesh,9,Mathura,167,2011,263587.0,99732.0,5091.0,8070.0,1010.0,12636.0,6314.0,6168.0,158906.0,73977.0,30704.0,12091.0,118870.0,103990.0,2226.0,11629.0,1025.0,50427.0,1296.0,233500.0,3455.0,25336.0,26741.0,34857.0,52301.0,129832.0,37080.0,61953.0,2644.0,1624.0
India,Uttar Pradesh,9,Mau,168,2011,251204.0,65956.0,3908.0,11523.0,779.0,17043.0,5711.0,7170.0,166753.0,53586.0,30865.0,16335.0,55883.0,48558.0,1115.0,5225.0,985.0,13549.0,1333.0,228018.0,3657.0,18196.0,8363.0,10113.0,65638.0,143746.0,41869.0,28915.0,1155.0,802.0
India,Uttar Pradesh,9,Meerut,169,2011,252476.0,128685.0,3996.0,8819.0,435.0,12906.0,5422.0,7351.0,151488.0,72057.0,28931.0,12239.0,91577.0,79636.0,940.0,10738.0,263.0,59213.0,827.0,229281.0,3433.0,18935.0,25989.0,42425.0,33479.0,97224.0,31124.0,52395.0,2645.0,1644.0
India,Uttar Pradesh,9,Mirzapur,170,2011,332438.0,155942.0,5757.0,11398.0,561.0,16584.0,3608.0,4348.0,250988.0,55703.0,25744.0,15352.0,73957.0,62311.0,1564.0,9038.0,1044.0,19651.0,2089.0,287575.0,4451.0,38320.0,19094.0,15405.0,63626.0,104809.0,39645.0,34388.0,3759.0,1801.0
India,Uttar Pradesh,9,Moradabad,171,2011,324496.0,152361.0,4339.0,6192.0,481.0,9593.0,3873.0,4468.0,225131.0,76035.0,23330.0,8958.0,92213.0,81641.0,858.0,9424.0,290.0,25615.0,541.0,290023.0,1987.0,31945.0,28364.0,35256.0,15815.0,139026.0,13006.0,83993.0,4198.0,1944.0
India,Uttar Pradesh,9,Muzaffarnagar,172,2011,345478.0,150341.0,25431.0,7210.0,370.0,4604.0,4450.0,14484.0,174956.0,127439.0,42994.0,4127.0,193805.0,176749.0,5915.0,5866.0,5275.0,82145.0,5044.0,315403.0,3449.0,21582.0,48075.0,47247.0,10074.0,102250.0,3665.0,62031.0,9583.0,4610.0
India,Uttar Pradesh,9,Pilibhit,173,2011,296038.0,106565.0,6527.0,3004.0,288.0,6575.0,3406.0,3607.0,236749.0,44856.0,14433.0,6236.0,47434.0,42194.0,303.0,4928.0,9.0,13195.0,1524.0,244744.0,1282.0,48488.0,20515.0,26620.0,23627.0,167310.0,32489.0,70069.0,2335.0,136.0
India,Uttar Pradesh,9,Pratapgarh,174,2011,481251.0,122752.0,6780.0,18176.0,968.0,29456.0,11013.0,16907.0,311987.0,115903.0,53361.0,28522.0,123921.0,111758.0,1567.0,10026.0,570.0,22676.0,1666.0,439449.0,4059.0,36077.0,16559.0,15525.0,93277.0,294506.0,69023.0,59042.0,1215.0,672.0
India,Uttar Pradesh,9,Rae Bareli,175,2011,483727.0,157727.0,7344.0,13808.0,1223.0,20622.0,6891.0,4521.0,367753.0,82128.0,33846.0,19686.0,89874.0,82623.0,752.0,6388.0,111.0,23156.0,1490.0,418288.0,4377.0,59572.0,16196.0,20576.0,72507.0,271065.0,50364.0,61705.0,1404.0,317.0
India,Uttar Pradesh,9,Rampur,176,2011,298710.0,94068.0,11130.0,1522.0,134.0,1210.0,1569.0,7813.0,229096.0,61046.0,8495.0,893.0,97829.0,90121.0,3279.0,2741.0,1688.0,31531.0,9174.0,252541.0,2917.0,34078.0,17597.0,23413.0,29397.0,106970.0,10269.0,52322.0,12215.0,3063.0
India,Uttar Pradesh,9,Saharanpur,177,2011,417413.0,180704.0,18023.0,8666.0,435.0,5979.0,3818.0,16699.0,262835.0,121965.0,32613.0,5007.0,207837.0,182133.0,8105.0,15841.0,1758.0,105699.0,7273.0,385568.0,5862.0,18710.0,57350.0,68988.0,10955.0,81188.0,5379.0,78035.0,11935.0,6657.0
India,Uttar Pradesh,9,Sant Kabir Nagar,178,2011,237845.0,63952.0,9080.0,6247.0,365.0,10145.0,3481.0,5809.0,177148.0,43886.0,16811.0,9591.0,43296.0,38658.0,693.0,3934.0,11.0,10262.0,1615.0,218717.0,1588.0,15925.0,16091.0,8185.0,58787.0,136722.0,27509.0,37565.0,3817.0,378.0
India,Uttar Pradesh,9,Bhadohi,179,2011,187196.0,73791.0,4852.0,4371.0,502.0,6322.0,7680.0,8525.0,125503.0,43329.0,18364.0,5990.0,44134.0,38176.0,1071.0,4347.0,540.0,11402.0,551.0,164544.0,3592.0,18509.0,7440.0,5325.0,33294.0,49588.0,19079.0,14358.0,1302.0,534.0
India,Uttar Pradesh,9,Shahjahanpur,180,2011,381178.0,150073.0,6974.0,3511.0,470.0,6811.0,1995.0,2408.0,309442.0,54239.0,17497.0,6048.0,73905.0,67251.0,1087.0,5537.0,30.0,12234.0,2381.0,320476.0,3015.0,55306.0,24139.0,27700.0,61753.0,171563.0,31259.0,84082.0,5131.0,1612.0
India,Uttar Pradesh,9,Shrawasti,181,2011,176483.0,40461.0,3672.0,2328.0,489.0,3429.0,504.0,612.0,135720.0,29689.0,11074.0,3122.0,25419.0,22196.0,428.0,2776.0,19.0,6817.0,511.0,132152.0,1560.0,42260.0,13849.0,10192.0,50046.0,102466.0,36010.0,40728.0,1260.0,338.0
India,Uttar Pradesh,9,Siddharth Nagar,182,2011,375814.0,90392.0,3215.0,5517.0,749.0,10748.0,2249.0,2307.0,273707.0,74184.0,27921.0,9929.0,77296.0,67849.0,1181.0,8262.0,4.0,14091.0,1384.0,337354.0,2283.0,34791.0,29570.0,13192.0,73894.0,239271.0,32376.0,68255.0,1758.0,354.0
India,Uttar Pradesh,9,Sitapur,183,2011,714152.0,201856.0,7810.0,10585.0,1172.0,15744.0,1949.0,2007.0,600949.0,83841.0,29362.0,14236.0,113980.0,99415.0,1545.0,12999.0,21.0,19783.0,1573.0,538745.0,4062.0,169772.0,41048.0,33587.0,104575.0,424121.0,91532.0,153817.0,7310.0,908.0
India,Uttar Pradesh,9,Sonbhadra,184,2011,262282.0,109284.0,1808.0,2769.0,439.0,5910.0,2026.0,2611.0,219229.0,33876.0,9175.0,5210.0,52881.0,44983.0,1118.0,6370.0,410.0,8283.0,692.0,189577.0,3367.0,68644.0,20046.0,10069.0,87866.0,76390.0,39095.0,26043.0,1609.0,880.0
India,Uttar Pradesh,9,Sultanpur,185,2011,335692.0,101325.0,8058.0,11108.0,753.0,18210.0,7763.0,11795.0,218898.0,79582.0,37212.0,17510.0,73991.0,62926.0,1555.0,8524.0,986.0,17849.0,1299.0,298518.0,4543.0,31332.0,16851.0,16430.0,77260.0,180584.0,55065.0,43509.0,1719.0,670.0
India,Uttar Pradesh,9,Unnao,186,2011,474003.0,129257.0,6082.0,9618.0,766.0,12492.0,5781.0,3250.0,390205.0,63078.0,20719.0,11797.0,81367.0,74074.0,1330.0,5928.0,35.0,17838.0,1300.0,403492.0,3678.0,65532.0,20658.0,23702.0,66704.0,268268.0,50728.0,88842.0,4233.0,723.0
India,Uttar Pradesh,9,Varanasi,187,2011,334718.0,130287.0,9008.0,16238.0,575.0,25113.0,7537.0,13137.0,216728.0,78385.0,39605.0,24119.0,105291.0,96021.0,1722.0,6994.0,554.0,34944.0,1193.0,300487.0,4604.0,28434.0,12274.0,8426.0,69441.0,133094.0,48625.0,26838.0,3370.0,1355.0
India,Uttar Pradesh,9,Kasganj,633,2011,191433.0,47733.0,1416.0,2906.0,179.0,4893.0,1238.0,1983.0,144298.0,35912.0,11223.0,4712.0,35610.0,31774.0,362.0,3467.0,7.0,6812.0,360.0,166085.0,1296.0,23692.0,11015.0,14385.0,28083.0,128459.0,25602.0,45464.0,1422.0,277.0
India,Uttar Pradesh,9,Amethi,640,2011,292177.0,84077.0,5027.0,8792.0,717.0,12415.0,4175.0,8304.0,211607.0,57005.0,23565.0,11568.0,65729.0,57785.0,1140.0,6523.0,281.0,16167.0,913.0,257904.0,2949.0,30411.0,11428.0,12713.0,69163.0,165418.0,37066.0,33554.0,1520.0,558.0
India,Uttar Pradesh,9,Sambhal,659,2011,273701.0,70827.0,8517.0,5184.0,195.0,4462.0,11050.0,11452.0,193539.0,59255.0,20907.0,4071.0,84346.0,71861.0,2708.0,8457.0,1320.0,31632.0,1272.0,237739.0,1592.0,33098.0,34328.0,35454.0,25234.0,150245.0,28191.0,88508.0,9441.0,6435.0
India,Uttar Pradesh,9,Shamli,660,2011,144207.0,50049.0,4016.0,2903.0,216.0,1671.0,818.0,2416.0,72788.0,45354.0,26043.0,1442.0,85673.0,74439.0,3002.0,2401.0,5831.0,23420.0,2438.0,126770.0,1812.0,13187.0,17993.0,17604.0,7177.0,33528.0,1237.0,24834.0,5256.0,2394.0
India,Uttar Pradesh,9,Hapur,661,2011,144562.0,46187.0,13044.0,12976.0,481.0,14122.0,3227.0,15588.0,81003.0,38906.0,18399.0,6696.0,61876.0,44043.0,2519.0,11875.0,3439.0,43518.0,3871.0,118332.0,2749.0,19610.0,17616.0,26154.0,29784.0,53819.0,13041.0,30693.0,3779.0,1070.0
India,Bihar,10,Araria,188,2011,650191.0,375469.0,9624.0,7569.0,1621.0,10846.0,1552.0,2934.0,536994.0,92846.0,20347.0,9331.0,52225.0,45072.0,1783.0,3634.0,1736.0,15868.0,16874.0,485535.0,3997.0,143781.0,12828.0,11464.0,164794.0,140214.0,68370.0,25273.0,8118.0,2851.0
India,Bihar,10,Aurangabad,189,2011,370285.0,199919.0,5658.0,11700.0,610.0,17737.0,3132.0,3688.0,242340.0,93967.0,33974.0,16842.0,43818.0,34077.0,1790.0,7267.0,684.0,16301.0,838.0,313174.0,2967.0,53304.0,14168.0,14605.0,64743.0,120638.0,48955.0,27475.0,1621.0,1709.0
India,Bihar,10,Banka,190,2011,397367.0,182502.0,13418.0,9069.0,1480.0,10970.0,1517.0,4544.0,317939.0,59484.0,19944.0,9911.0,36677.0,31601.0,1145.0,2909.0,1022.0,14920.0,8544.0,305565.0,3856.0,79402.0,9831.0,9172.0,130732.0,123000.0,60447.0,24052.0,5054.0,2919.0
India,Bihar,10,Begusarai,191,2011,508862.0,333491.0,6592.0,12376.0,985.0,19662.0,2222.0,4116.0,360986.0,115565.0,32309.0,18577.0,44515.0,35136.0,926.0,7487.0,966.0,9326.0,1718.0,412728.0,5256.0,89159.0,10483.0,15874.0,82262.0,102794.0,42202.0,21632.0,3599.0,2244.0
India,Bihar,10,Bhagalpur,192,2011,485762.0,300874.0,8192.0,15476.0,607.0,24136.0,2583.0,3182.0,327925.0,119442.0,37508.0,21888.0,80527.0,59305.0,2250.0,13368.0,5604.0,16601.0,2041.0,407884.0,5290.0,70542.0,8349.0,8529.0,97835.0,85815.0,59824.0,17732.0,3127.0,2644.0
India,Bihar,10,Bhojpur,193,2011,426775.0,242116.0,6776.0,17971.0,821.0,31068.0,6254.0,7008.0,281411.0,103642.0,41690.0,28595.0,62857.0,53505.0,1032.0,4054.0,4266.0,6777.0,1961.0,363057.0,4118.0,57607.0,12511.0,12650.0,53836.0,105322.0,45263.0,27712.0,3290.0,2993.0
India,Bihar,10,Buxar,194,2011,241661.0,126929.0,3840.0,9846.0,272.0,15366.0,7659.0,3999.0,143489.0,72300.0,25866.0,14694.0,39230.0,34356.0,740.0,3465.0,669.0,6054.0,973.0,215609.0,2477.0,22599.0,9450.0,8719.0,39067.0,66022.0,30944.0,20185.0,2175.0,1952.0
India,Bihar,10,Darbhanga,195,2011,977418.0,602815.0,11374.0,21618.0,4162.0,33439.0,8051.0,18481.0,731057.0,197502.0,48845.0,30443.0,67904.0,58106.0,1152.0,6987.0,1659.0,19323.0,2707.0,725714.0,8205.0,240778.0,12220.0,12636.0,160408.0,194970.0,84521.0,23564.0,3891.0,3402.0
India,Bihar,10,Gaya,196,2011,665944.0,326817.0,15465.0,19378.0,756.0,24836.0,3713.0,7204.0,464572.0,154656.0,46673.0,23204.0,61657.0,50602.0,2714.0,6368.0,1973.0,19425.0,8676.0,532804.0,6421.0,118008.0,26400.0,22730.0,196749.0,203321.0,102368.0,69536.0,5635.0,4325.0
India,Bihar,10,Gopalganj,197,2011,394660.0,109615.0,6471.0,10901.0,545.0,15654.0,6292.0,15623.0,246685.0,108868.0,39086.0,14215.0,68366.0,60396.0,860.0,6077.0,1033.0,9521.0,1060.0,352223.0,2474.0,38885.0,10505.0,10313.0,104486.0,238695.0,63215.0,17759.0,1821.0,1584.0
India,Bihar,10,Jamui,198,2011,292670.0,125886.0,5295.0,5882.0,691.0,8648.0,1064.0,1728.0,220006.0,56272.0,16247.0,7696.0,36755.0,29357.0,1842.0,2377.0,3179.0,10672.0,1650.0,246377.0,3261.0,41372.0,7314.0,7164.0,114430.0,87772.0,62368.0,18120.0,2251.0,1377.0
India,Bihar,10,Jehanabad,199,2011,170675.0,94849.0,5153.0,9609.0,235.0,13519.0,1132.0,1648.0,120566.0,32476.0,17621.0,12888.0,15525.0,12073.0,663.0,1701.0,1088.0,4474.0,714.0,128217.0,1587.0,40151.0,8541.0,6998.0,27782.0,58922.0,15124.0,26952.0,1371.0,912.0
India,Bihar,10,Kaimur (Bhabua),200,2011,237393.0,125439.0,3243.0,7103.0,352.0,10801.0,1488.0,1757.0,159114.0,56555.0,21724.0,10393.0,32176.0,23211.0,697.0,7683.0,585.0,10635.0,505.0,200047.0,3524.0,33317.0,16806.0,13541.0,44961.0,82471.0,29239.0,30559.0,1928.0,1195.0
India,Bihar,10,Katihar,201,2011,650044.0,423243.0,10469.0,11583.0,2666.0,16341.0,1155.0,2625.0,496251.0,124706.0,29076.0,15019.0,57102.0,48948.0,1472.0,5218.0,1464.0,20812.0,5282.0,482286.0,4377.0,158095.0,15136.0,12700.0,132695.0,127241.0,43205.0,39487.0,7556.0,3051.0
India,Bihar,10,Khagaria,202,2011,390899.0,266626.0,4765.0,9606.0,589.0,13649.0,2216.0,2223.0,276745.0,93072.0,21051.0,12506.0,34307.0,27319.0,908.0,3867.0,2213.0,10470.0,1921.0,336671.0,4336.0,47969.0,8012.0,7681.0,56981.0,64815.0,33191.0,13259.0,2277.0,2259.0
India,Bihar,10,Kishanganj,203,2011,308989.0,204893.0,6734.0,4395.0,1667.0,4740.0,1169.0,980.0,254423.0,47198.0,7368.0,3898.0,29534.0,26218.0,619.0,1446.0,1251.0,7417.0,2017.0,230473.0,2219.0,74280.0,5078.0,5526.0,55566.0,58861.0,30165.0,9425.0,2946.0,2619.0
India,Bihar,10,Lakhisarai,204,2011,141284.0,81860.0,3862.0,4414.0,129.0,6057.0,1134.0,1278.0,99427.0,32582.0,9275.0,5603.0,20496.0,17344.0,1583.0,956.0,613.0,2587.0,1303.0,118187.0,1383.0,20411.0,4525.0,2876.0,28343.0,26847.0,15907.0,7625.0,2909.0,1277.0
India,Bihar,10,Madhepura,205,2011,529361.0,248725.0,6334.0,11037.0,650.0,18723.0,1121.0,2845.0,416023.0,92073.0,21087.0,17132.0,48745.0,41152.0,926.0,6045.0,622.0,22027.0,1257.0,412985.0,4016.0,111049.0,11131.0,10028.0,165763.0,177006.0,71977.0,21432.0,2600.0,2309.0
India,Bihar,10,Madhubani,206,2011,1029016.0,510910.0,14351.0,21646.0,1962.0,32561.0,10914.0,34717.0,723974.0,241909.0,62842.0,29805.0,128426.0,115808.0,3053.0,5327.0,4238.0,16345.0,10547.0,887646.0,7929.0,122823.0,15689.0,14047.0,247994.0,259776.0,136029.0,32258.0,5972.0,5484.0
India,Bihar,10,Munger,207,2011,233134.0,158142.0,2689.0,15783.0,227.0,19537.0,887.0,907.0,174572.0,36380.0,22182.0,18816.0,21368.0,16835.0,356.0,3112.0,1065.0,5619.0,470.0,195092.0,1106.0,36466.0,1933.0,2841.0,26185.0,32263.0,8790.0,5322.0,642.0,939.0
India,Bihar,10,Muzaffarpur,208,2011,1008082.0,530692.0,14762.0,27083.0,1342.0,37165.0,7326.0,15681.0,713609.0,226543.0,66062.0,34185.0,137968.0,121326.0,3364.0,10628.0,2650.0,29027.0,5095.0,862695.0,8760.0,130283.0,21346.0,23259.0,263372.0,292462.0,106773.0,36741.0,4723.0,3700.0
India,Bihar,10,Nalanda,209,2011,474078.0,268922.0,8776.0,19870.0,838.0,29042.0,1641.0,2038.0,309753.0,121122.0,43202.0,27993.0,41427.0,28163.0,1481.0,4799.0,6984.0,11307.0,1656.0,379643.0,5320.0,87458.0,21015.0,15128.0,86318.0,147552.0,55867.0,60266.0,3809.0,1928.0
India,Bihar,10,Nawada,210,2011,356367.0,200559.0,6103.0,9618.0,343.0,14164.0,1776.0,1779.0,262475.0,72024.0,21837.0,13258.0,25099.0,20184.0,799.0,3138.0,978.0,9615.0,1045.0,289126.0,3342.0,62835.0,7507.0,7936.0,71318.0,113213.0,58593.0,22745.0,1629.0,1242.0
India,Bihar,10,Pashchim Champaran,211,2011,746302.0,427122.0,7473.0,13215.0,1468.0,16802.0,4370.0,2274.0,542957.0,159971.0,42121.0,15178.0,137086.0,114455.0,3324.0,12202.0,7105.0,16398.0,2366.0,600528.0,7862.0,134963.0,19814.0,20674.0,143148.0,224322.0,75069.0,30991.0,4812.0,5273.0
India,Bihar,10,Patna,212,2011,695003.0,457560.0,11424.0,29398.0,784.0,34000.0,9211.0,22484.0,449257.0,194814.0,50929.0,32270.0,106187.0,93439.0,3413.0,5319.0,4016.0,20851.0,5140.0,503658.0,6561.0,179643.0,19632.0,14779.0,102786.0,109941.0,61434.0,38147.0,4869.0,4448.0
India,Bihar,10,Purbi Champaran,213,2011,961567.0,550950.0,13210.0,16081.0,1192.0,17927.0,10543.0,14692.0,705947.0,198021.0,57527.0,16238.0,152366.0,125640.0,6817.0,10921.0,8988.0,26555.0,7286.0,790046.0,10093.0,154070.0,30531.0,27862.0,146448.0,234765.0,86890.0,43433.0,10059.0,7517.0
India,Bihar,10,Purnia,214,2011,733082.0,442853.0,10802.0,10956.0,1601.0,12154.0,1475.0,2240.0,574501.0,130692.0,27876.0,10599.0,79316.0,65761.0,2589.0,5994.0,4972.0,14462.0,6202.0,599131.0,5057.0,122686.0,17648.0,15851.0,161448.0,145853.0,76135.0,36708.0,7222.0,3901.0
India,Bihar,10,Rohtas,215,2011,409379.0,216882.0,8226.0,15329.0,809.0,21531.0,4012.0,5688.0,276515.0,91370.0,41236.0,20047.0,53024.0,41354.0,918.0,9102.0,1650.0,18281.0,1085.0,343789.0,3963.0,60426.0,20179.0,19863.0,67616.0,141076.0,63757.0,40269.0,3398.0,1757.0
India,Bihar,10,Saharsa,216,2011,401095.0,236352.0,6916.0,10310.0,611.0,15269.0,1338.0,2288.0,311945.0,69270.0,19780.0,13868.0,40840.0,35247.0,897.0,3410.0,1286.0,8072.0,1107.0,311869.0,3814.0,84257.0,7161.0,4905.0,99945.0,102269.0,56251.0,12145.0,2203.0,1214.0
India,Bihar,10,Samastipur,217,2011,949588.0,502186.0,15759.0,27851.0,1692.0,41756.0,5342.0,17767.0,654522.0,231953.0,63003.0,39184.0,85225.0,73111.0,1260.0,8995.0,1859.0,18785.0,3299.0,829655.0,5419.0,111203.0,17073.0,28874.0,175040.0,329975.0,76767.0,46420.0,2864.0,1952.0
India,Bihar,10,Saran,218,2011,601329.0,214186.0,11570.0,24752.0,496.0,37559.0,9935.0,9625.0,366451.0,175649.0,59188.0,34961.0,83380.0,73116.0,1537.0,7672.0,1055.0,18156.0,1391.0,525374.0,4204.0,70328.0,11631.0,7893.0,175020.0,303748.0,112525.0,21367.0,1604.0,1326.0
India,Bihar,10,Sheikhpura,219,2011,92132.0,53494.0,1720.0,3064.0,93.0,4646.0,311.0,284.0,63865.0,21065.0,7201.0,4429.0,7914.0,6379.0,170.0,1164.0,201.0,1657.0,322.0,78776.0,815.0,12218.0,1983.0,1614.0,18710.0,24898.0,13094.0,6292.0,311.0,288.0
India,Bihar,10,Sheohar,220,2011,151903.0,93303.0,2388.0,2629.0,242.0,3643.0,451.0,730.0,115466.0,29120.0,7317.0,3321.0,18213.0,15967.0,432.0,1300.0,514.0,1520.0,602.0,125129.0,1067.0,25105.0,2956.0,2663.0,35194.0,29825.0,21202.0,5020.0,1141.0,559.0
India,Bihar,10,Sitamarhi,221,2011,852415.0,490033.0,10575.0,17291.0,1854.0,23071.0,5277.0,8122.0,585114.0,214164.0,53074.0,20846.0,90233.0,77918.0,3402.0,6879.0,2034.0,16108.0,4127.0,701193.0,9718.0,137314.0,18076.0,16229.0,178159.0,212548.0,94877.0,26621.0,4640.0,4169.0
India,Bihar,10,Siwan,222,2011,534103.0,161137.0,7813.0,18123.0,1103.0,25570.0,18823.0,14739.0,303466.0,163089.0,67543.0,24398.0,79803.0,69835.0,1175.0,8193.0,600.0,15371.0,1297.0,466680.0,3729.0,62392.0,13552.0,10509.0,136271.0,307941.0,102020.0,21436.0,1636.0,1711.0
India,Bihar,10,Supaul,223,2011,525924.0,278964.0,18662.0,8035.0,766.0,13384.0,1067.0,1869.0,408965.0,94416.0,22199.0,11831.0,50526.0,43853.0,956.0,4886.0,831.0,12610.0,2497.0,413722.0,4133.0,105452.0,10491.0,12745.0,156307.0,157820.0,84387.0,20914.0,3256.0,4348.0
India,Bihar,10,Vaishali,224,2011,650211.0,402513.0,6868.0,20668.0,713.0,30364.0,4473.0,6590.0,468462.0,131931.0,49788.0,28849.0,71861.0,62683.0,1321.0,6524.0,1333.0,9914.0,2511.0,553268.0,4110.0,90304.0,9195.0,10425.0,88725.0,158287.0,83960.0,17131.0,1651.0,1814.0
India,Bihar,10,Arwal,611,2011,115379.0,63287.0,3151.0,5629.0,35.0,8187.0,470.0,1525.0,77040.0,27286.0,10890.0,7798.0,11057.0,9324.0,292.0,1295.0,146.0,2038.0,436.0,97784.0,1206.0,15902.0,4359.0,3304.0,20376.0,37879.0,13077.0,13197.0,702.0,379.0
India,Sikkim,11,Gangtok,225,2011,31842.0,5398.0,2138.0,6974.0,29.0,7363.0,370.0,2376.0,21073.0,5243.0,5484.0,6213.0,3187.0,670.0,9.0,2498.0,10.0,4634.0,112.0,27574.0,315.0,3841.0,97.0,150.0,10451.0,6849.0,6711.0,124.0,44.0,45.0
India,Sikkim,11,Mangan,226,2011,7710.0,1068.0,432.0,1164.0,4.0,2012.0,64.0,452.0,5244.0,1130.0,1322.0,1603.0,951.0,218.0,5.0,728.0,0.0,1081.0,10.0,6608.0,52.0,1040.0,18.0,23.0,3082.0,2988.0,1674.0,19.0,6.0,8.0
India,Sikkim,11,Namchi,227,2011,24214.0,1734.0,1284.0,3106.0,23.0,4165.0,526.0,1147.0,18459.0,2784.0,2953.0,3257.0,2026.0,472.0,5.0,1539.0,10.0,2431.0,30.0,20726.0,237.0,3221.0,290.0,716.0,9536.0,7282.0,5501.0,176.0,34.0,305.0
India,Sikkim,11,Gyalshing,228,2011,28028.0,2061.0,1216.0,3188.0,18.0,5347.0,116.0,644.0,21890.0,2819.0,3264.0,4261.0,2063.0,510.0,6.0,1544.0,3.0,1869.0,27.0,23019.0,110.0,4872.0,63.0,289.0,14323.0,13577.0,9073.0,367.0,170.0,29.0
India,Arunachal Pradesh,12,Changlang,229,2011,5558.0,447.0,153.0,426.0,10.0,716.0,37.0,75.0,4262.0,613.0,683.0,601.0,2447.0,2332.0,6.0,74.0,35.0,272.0,154.0,2359.0,87.0,2958.0,31.0,46.0,2657.0,933.0,1962.0,26.0,8.0,4.0
India,Arunachal Pradesh,12,Dibang Valley,230,2011,1299.0,123.0,26.0,30.0,0.0,270.0,11.0,17.0,955.0,203.0,141.0,180.0,560.0,490.0,5.0,21.0,44.0,34.0,41.0,463.0,37.0,758.0,5.0,1.0,207.0,153.0,158.0,9.0,8.0,0.0
India,Arunachal Pradesh,12,East Kameng,231,2011,8648.0,184.0,187.0,222.0,2.0,1298.0,69.0,77.0,6308.0,1319.0,1021.0,1077.0,1908.0,1824.0,20.0,56.0,8.0,405.0,238.0,1926.0,165.0,6319.0,23.0,27.0,6210.0,2520.0,4228.0,13.0,2.0,15.0
India,Arunachal Pradesh,12,East Siang,232,2011,11480.0,1377.0,461.0,342.0,5.0,1978.0,145.0,208.0,7566.0,1846.0,2068.0,1757.0,5317.0,5011.0,60.0,138.0,108.0,1195.0,367.0,8256.0,210.0,2647.0,210.0,101.0,4307.0,1288.0,3309.0,183.0,72.0,36.0
India,Arunachal Pradesh,12,Kurung Kumey,233,2011,190.0,3.0,3.0,2.0,0.0,7.0,0.0,0.0,171.0,13.0,6.0,7.0,65.0,63.0,0.0,2.0,0.0,7.0,1.0,20.0,1.0,168.0,0.0,0.0,116.0,51.0,99.0,0.0,0.0,0.0
India,Arunachal Pradesh,12,Lohit,234,2011,4314.0,465.0,109.0,107.0,3.0,654.0,21.0,81.0,3171.0,550.0,593.0,558.0,1499.0,1477.0,4.0,8.0,10.0,358.0,38.0,2674.0,44.0,1558.0,12.0,74.0,2115.0,489.0,519.0,7.0,5.0,4.0
India,Arunachal Pradesh,12,Lower Dibang Valley,235,2011,7796.0,789.0,198.0,214.0,7.0,1313.0,105.0,283.0,5372.0,1331.0,1093.0,1091.0,3960.0,3793.0,15.0,152.0,0.0,486.0,374.0,5406.0,225.0,1791.0,116.0,27.0,2726.0,1503.0,1236.0,71.0,8.0,1.0
India,Arunachal Pradesh,12,Lower Subansiri,236,2011,863.0,37.0,36.0,125.0,0.0,178.0,0.0,3.0,560.0,216.0,87.0,143.0,528.0,495.0,15.0,18.0,0.0,64.0,32.0,565.0,60.0,206.0,3.0,3.0,436.0,341.0,421.0,2.0,1.0,2.0
India,Arunachal Pradesh,12,Papum Pare,237,2011,359.0,18.0,2.0,5.0,2.0,66.0,0.0,3.0,204.0,82.0,73.0,57.0,232.0,209.0,13.0,7.0,3.0,71.0,13.0,205.0,14.0,127.0,3.0,0.0,98.0,73.0,104.0,1.0,1.0,0.0
India,Arunachal Pradesh,12,Tawang,238,2011,8863.0,2029.0,62.0,246.0,96.0,1589.0,49.0,116.0,6768.0,722.0,1370.0,1415.0,658.0,153.0,0.0,504.0,1.0,261.0,428.0,2877.0,494.0,5064.0,27.0,19.0,3520.0,613.0,1121.0,13.0,2.0,6.0
India,Arunachal Pradesh,12,Tirap,239,2011,1050.0,2.0,1.0,12.0,0.0,147.0,7.0,2.0,861.0,59.0,130.0,142.0,524.0,518.0,1.0,4.0,1.0,35.0,14.0,412.0,3.0,621.0,1.0,3.0,997.0,464.0,532.0,0.0,0.0,1.0
India,Arunachal Pradesh,12,Upper Siang,240,2011,5824.0,230.0,46.0,29.0,3.0,1064.0,21.0,47.0,4628.0,626.0,570.0,788.0,759.0,666.0,13.0,77.0,3.0,193.0,48.0,2510.0,54.0,3212.0,77.0,15.0,3395.0,1478.0,2973.0,53.0,10.0,6.0
India,Arunachal Pradesh,12,Upper Subansiri,241,2011,14880.0,409.0,697.0,1239.0,1.0,1848.0,168.0,54.0,11526.0,1896.0,1458.0,1497.0,5429.0,5199.0,27.0,189.0,14.0,1165.0,422.0,2950.0,540.0,10968.0,148.0,138.0,9642.0,5712.0,6263.0,123.0,8.0,7.0
India,Arunachal Pradesh,12,West Kameng,242,2011,11009.0,1274.0,283.0,634.0,12.0,1829.0,88.0,141.0,7831.0,1508.0,1670.0,1617.0,6934.0,6765.0,35.0,123.0,11.0,493.0,312.0,5313.0,352.0,5032.0,25.0,38.0,5329.0,534.0,1226.0,33.0,12.0,23.0
India,Arunachal Pradesh,12,West Siang,243,2011,9454.0,243.0,380.0,223.0,7.0,1566.0,62.0,108.0,7215.0,1015.0,1224.0,1329.0,5355.0,5142.0,38.0,168.0,7.0,834.0,976.0,3613.0,685.0,4180.0,99.0,38.0,5797.0,1640.0,3973.0,65.0,19.0,14.0
India,Arunachal Pradesh,12,Anjaw,628,2011,3829.0,225.0,61.0,93.0,0.0,750.0,40.0,40.0,2556.0,650.0,623.0,616.0,285.0,239.0,0.0,44.0,2.0,139.0,53.0,1219.0,120.0,2437.0,7.0,5.0,2601.0,663.0,599.0,6.0,0.0,0.0
India,Arunachal Pradesh,12,Longding,666,2011,6812.0,75.0,175.0,158.0,3.0,532.0,19.0,76.0,5547.0,839.0,426.0,446.0,4843.0,4814.0,9.0,9.0,11.0,156.0,47.0,1961.0,30.0,4774.0,15.0,44.0,4176.0,2219.0,2266.0,15.0,7.0,26.0
India,Arunachal Pradesh,12,Kra Daadi,677,2011,207.0,9.0,3.0,3.0,0.0,35.0,2.0,5.0,179.0,11.0,17.0,24.0,66.0,66.0,0.0,0.0,0.0,3.0,40.0,66.0,2.0,99.0,1.0,0.0,66.0,39.0,34.0,10.0,0.0,0.0
India,Arunachal Pradesh,12,Namsai,678,2011,10425.0,1667.0,257.0,323.0,23.0,1047.0,180.0,752.0,8281.0,1242.0,902.0,903.0,2867.0,2829.0,6.0,27.0,5.0,555.0,103.0,5908.0,116.0,4298.0,115.0,62.0,4813.0,919.0,2292.0,117.0,45.0,7.0
India,Arunachal Pradesh,12,Siang,679,2011,8562.0,178.0,220.0,362.0,0.0,850.0,39.0,23.0,7129.0,832.0,601.0,700.0,2736.0,2662.0,8.0,64.0,2.0,271.0,193.0,4174.0,298.0,3897.0,77.0,30.0,4906.0,3094.0,3890.0,52.0,14.0,11.0
India,Arunachal Pradesh,12,Kamle,718,2011,2014.0,27.0,97.0,347.0,1.0,335.0,23.0,12.0,1543.0,213.0,258.0,277.0,953.0,921.0,3.0,27.0,2.0,269.0,117.0,622.0,62.0,1213.0,47.0,24.0,1235.0,813.0,801.0,38.0,0.0,1.0
India,Arunachal Pradesh,12,Lower Siang,719,2011,9985.0,362.0,388.0,489.0,13.0,2114.0,68.0,103.0,6528.0,1564.0,1893.0,1818.0,5664.0,5468.0,54.0,116.0,26.0,1048.0,372.0,5454.0,426.0,3733.0,48.0,28.0,5769.0,2561.0,3645.0,39.0,13.0,14.0
India,Nagaland,13,Dimapur,244,2011,32986.0,4360.0,567.0,4971.0,25.0,8137.0,708.0,2581.0,17004.0,7512.0,8470.0,7844.0,9216.0,3052.0,1182.0,4966.0,16.0,14266.0,78.0,28625.0,730.0,3553.0,170.0,77.0,5553.0,5095.0,5135.0,980.0,353.0,32.0
India,Nagaland,13,Kohima,245,2011,26353.0,1448.0,902.0,4904.0,23.0,7769.0,204.0,1041.0,14899.0,5363.0,6091.0,7485.0,3906.0,770.0,10.0,3115.0,11.0,2128.0,20.0,18118.0,166.0,8049.0,184.0,73.0,13438.0,7690.0,9260.0,133.0,44.0,18.0
India,Nagaland,13,Mokokchung,246,2011,24446.0,2144.0,175.0,2151.0,115.0,4415.0,206.0,642.0,15502.0,5028.0,3916.0,4268.0,4623.0,3327.0,37.0,1247.0,12.0,2842.0,55.0,19489.0,173.0,4729.0,71.0,52.0,13089.0,7314.0,7521.0,144.0,11.0,14.0
India,Nagaland,13,Mon,247,2011,26388.0,930.0,377.0,2386.0,14.0,1648.0,71.0,190.0,23567.0,1884.0,937.0,1362.0,900.0,716.0,21.0,151.0,12.0,701.0,216.0,9696.0,59.0,16417.0,91.0,53.0,14934.0,11387.0,11341.0,77.0,21.0,16.0
India,Nagaland,13,Phek,248,2011,24220.0,333.0,499.0,2932.0,39.0,4022.0,111.0,506.0,18258.0,3053.0,2909.0,3793.0,1356.0,338.0,12.0,1003.0,3.0,355.0,33.0,13578.0,189.0,10420.0,119.0,47.0,20004.0,8826.0,17979.0,826.0,36.0,7.0
India,Nagaland,13,Tuensang,249,2011,22084.0,577.0,170.0,1411.0,5.0,1990.0,50.0,134.0,19356.0,1503.0,1225.0,1612.0,1726.0,1595.0,10.0,115.0,6.0,203.0,54.0,11853.0,59.0,10118.0,47.0,42.0,14475.0,3271.0,6181.0,30.0,8.0,9.0
India,Nagaland,13,Wokha,250,2011,21529.0,1172.0,611.0,2815.0,26.0,3623.0,117.0,504.0,15892.0,2779.0,2858.0,3465.0,1261.0,644.0,46.0,539.0,32.0,451.0,28.0,10157.0,184.0,11160.0,95.0,86.0,12900.0,6453.0,7225.0,77.0,26.0,17.0
India,Nagaland,13,Zunheboto,251,2011,18935.0,906.0,240.0,3623.0,189.0,4303.0,215.0,421.0,12584.0,2798.0,3553.0,3919.0,1902.0,706.0,11.0,1180.0,5.0,308.0,20.0,13637.0,116.0,5162.0,67.0,69.0,10862.0,7946.0,7347.0,40.0,6.0,21.0
India,Nagaland,13,Peren,613,2011,12579.0,573.0,112.0,737.0,9.0,1137.0,55.0,180.0,10025.0,1546.0,1008.0,1040.0,826.0,461.0,46.0,317.0,2.0,526.0,43.0,9732.0,82.0,2722.0,39.0,168.0,2865.0,959.0,1338.0,60.0,21.0,88.0
India,Nagaland,13,Kiphire,614,2011,10689.0,175.0,77.0,727.0,2.0,1176.0,58.0,39.0,9631.0,597.0,461.0,714.0,268.0,160.0,3.0,101.0,4.0,82.0,4.0,3238.0,10.0,7437.0,34.0,36.0,7618.0,1353.0,2218.0,30.0,4.0,7.0
India,Nagaland,13,Longleng,615,2011,7857.0,139.0,591.0,211.0,8.0,446.0,21.0,52.0,6553.0,1021.0,283.0,382.0,2711.0,2456.0,168.0,78.0,9.0,136.0,42.0,3584.0,18.0,4213.0,165.0,188.0,4125.0,2160.0,2155.0,158.0,78.0,105.0
India,Manipur,14,Bishnupur,252,2011,22729.0,3960.0,733.0,3218.0,16.0,4097.0,146.0,615.0,15507.0,3475.0,3747.0,3792.0,6003.0,2931.0,378.0,1271.0,1423.0,2164.0,15.0,20330.0,121.0,2263.0,418.0,359.0,3509.0,2257.0,4457.0,192.0,23.0,66.0
India,Manipur,14,Chandel,253,2011,18063.0,1092.0,120.0,718.0,5.0,3428.0,94.0,283.0,11743.0,3557.0,2763.0,3300.0,3268.0,2318.0,30.0,908.0,12.0,1050.0,30.0,13375.0,106.0,4552.0,34.0,16.0,2585.0,290.0,655.0,121.0,57.0,12.0
India,Manipur,14,Churachandpur,254,2011,45008.0,8651.0,536.0,3247.0,25.0,6884.0,264.0,1448.0,25380.0,12480.0,7148.0,6729.0,6979.0,4990.0,332.0,1638.0,19.0,5291.0,73.0,35194.0,179.0,9562.0,186.0,124.0,1478.0,1285.0,1499.0,429.0,325.0,117.0
India,Manipur,14,Imphal East,255,2011,55728.0,17704.0,919.0,7804.0,24.0,11620.0,612.0,2498.0,34032.0,10662.0,11026.0,10910.0,18589.0,12984.0,1197.0,4392.0,16.0,7491.0,36.0,49810.0,283.0,5598.0,801.0,1151.0,7516.0,3584.0,5502.0,965.0,338.0,735.0
India,Manipur,14,Imphal West,256,2011,62903.0,13350.0,1492.0,8289.0,25.0,12977.0,485.0,3241.0,37654.0,11999.0,13248.0,12453.0,23696.0,16467.0,1090.0,6012.0,127.0,11490.0,44.0,57422.0,359.0,5078.0,1040.0,798.0,10913.0,2431.0,4108.0,929.0,312.0,515.0
India,Manipur,14,Senapati,257,2011,52486.0,1147.0,1046.0,1592.0,3.0,4830.0,524.0,2081.0,35501.0,11296.0,5689.0,4657.0,5477.0,3636.0,95.0,1720.0,26.0,2221.0,216.0,39981.0,359.0,11930.0,137.0,95.0,34579.0,310.0,367.0,82.0,32.0,52.0
India,Manipur,14,Tamenglong,258,2011,34743.0,5720.0,922.0,2526.0,1.0,6342.0,82.0,1080.0,22487.0,6106.0,6150.0,6217.0,2832.0,1276.0,75.0,1440.0,41.0,1674.0,164.0,24676.0,1535.0,8368.0,37.0,40.0,3224.0,1066.0,491.0,18.0,16.0,34.0
India,Manipur,14,Thoubal,259,2011,22191.0,7765.0,208.0,1383.0,30.0,3798.0,78.0,356.0,14554.0,4016.0,3621.0,3616.0,3925.0,2457.0,254.0,990.0,224.0,1000.0,285.0,18793.0,126.0,2987.0,371.0,362.0,5224.0,1962.0,3512.0,659.0,43.0,28.0
India,Manipur,14,Ukhrul,260,2011,28037.0,1041.0,272.0,1901.0,5.0,4568.0,274.0,1044.0,18348.0,5221.0,4468.0,4324.0,1470.0,464.0,22.0,970.0,14.0,573.0,45.0,19198.0,257.0,8537.0,129.0,61.0,8080.0,2882.0,8018.0,65.0,22.0,34.0
India,Manipur,14,Kakching,711,2011,15854.0,5692.0,244.0,888.0,20.0,1766.0,91.0,421.0,12133.0,2162.0,1559.0,1577.0,2413.0,1311.0,165.0,585.0,352.0,755.0,18.0,13611.0,31.0,2194.0,284.0,271.0,4170.0,1219.0,2995.0,386.0,35.0,22.0
India,Manipur,14,Kangpokpi,712,2011,54287.0,1922.0,1197.0,1991.0,14.0,8455.0,338.0,1586.0,33062.0,12209.0,9016.0,8231.0,5319.0,2881.0,366.0,2062.0,10.0,3982.0,87.0,46241.0,325.0,7634.0,180.0,69.0,6306.0,2869.0,4400.0,271.0,117.0,47.0
India,Manipur,14,Jiribam,713,2011,5477.0,1788.0,87.0,314.0,5.0,535.0,41.0,135.0,4284.0,725.0,468.0,453.0,604.0,410.0,140.0,43.0,11.0,442.0,4.0,3855.0,32.0,1586.0,21.0,10.0,1387.0,603.0,1003.0,44.0,14.0,7.0
India,Manipur,14,Noney,714,2011,9555.0,751.0,146.0,1374.0,0.0,820.0,41.0,170.0,5619.0,3038.0,898.0,794.0,673.0,436.0,15.0,210.0,12.0,392.0,10.0,5059.0,80.0,4406.0,121.0,42.0,1254.0,439.0,875.0,155.0,131.0,41.0
India,Manipur,14,Pherzawl,715,2011,8976.0,1075.0,24.0,157.0,0.0,309.0,24.0,237.0,6444.0,2193.0,339.0,271.0,291.0,217.0,4.0,54.0,16.0,37.0,455.0,4175.0,73.0,4273.0,4.0,8.0,221.0,74.0,43.0,25.0,24.0,7.0
India,Manipur,14,Tengnoupal,716,2011,11258.0,1050.0,54.0,474.0,52.0,1770.0,32.0,106.0,6425.0,2757.0,2076.0,1708.0,1710.0,1172.0,98.0,433.0,7.0,368.0,20.0,9332.0,37.0,1869.0,25.0,352.0,1117.0,343.0,1510.0,249.0,193.0,23.0
India,Manipur,14,Kamjong,717,2011,11200.0,358.0,46.0,336.0,0.0,1467.0,50.0,253.0,8041.0,1961.0,1198.0,1373.0,506.0,252.0,7.0,236.0,11.0,164.0,17.0,6425.0,52.0,4706.0,34.0,27.0,4424.0,800.0,1962.0,22.0,10.0,13.0
India,Mizoram,15,Aizawl,261,2011,17812.0,1931.0,575.0,2215.0,15.0,2183.0,201.0,2352.0,12417.0,3210.0,2185.0,2069.0,3457.0,2605.0,89.0,733.0,30.0,5535.0,188.0,15436.0,278.0,1910.0,166.0,200.0,3538.0,883.0,576.0,168.0,102.0,133.0
India,Mizoram,15,Champhai,262,2011,16099.0,1067.0,494.0,1850.0,13.0,1507.0,87.0,892.0,12808.0,1796.0,1495.0,1348.0,2743.0,2205.0,37.0,488.0,13.0,3442.0,111.0,13354.0,300.0,2334.0,64.0,90.0,1589.0,417.0,148.0,63.0,36.0,72.0
India,Mizoram,15,Kolasib,263,2011,6394.0,826.0,153.0,500.0,0.0,553.0,49.0,147.0,5031.0,849.0,514.0,482.0,1235.0,1102.0,52.0,72.0,9.0,1621.0,154.0,4790.0,87.0,1363.0,97.0,119.0,1829.0,459.0,324.0,99.0,48.0,59.0
India,Mizoram,15,Lawngtlai,264,2011,27033.0,2654.0,1115.0,2266.0,39.0,1525.0,533.0,570.0,22055.0,3183.0,1795.0,1280.0,3512.0,2260.0,129.0,665.0,458.0,2961.0,245.0,8591.0,304.0,17893.0,208.0,293.0,4649.0,2489.0,1988.0,756.0,638.0,246.0
India,Mizoram,15,Lunglei,265,2011,18621.0,677.0,384.0,1274.0,16.0,1816.0,87.0,657.0,14995.0,1782.0,1844.0,1441.0,1652.0,1215.0,30.0,364.0,43.0,3448.0,90.0,14530.0,143.0,3858.0,89.0,110.0,2554.0,421.0,198.0,117.0,74.0,72.0
India,Mizoram,15,Mamit,266,2011,15757.0,1475.0,607.0,1749.0,6.0,1824.0,54.0,349.0,11507.0,2754.0,1496.0,1561.0,2006.0,1713.0,25.0,245.0,23.0,4002.0,207.0,11706.0,43.0,3801.0,154.0,251.0,4333.0,1489.0,658.0,150.0,39.0,112.0
India,Mizoram,15,Siaha,267,2011,6587.0,217.0,285.0,786.0,0.0,780.0,71.0,502.0,4887.0,982.0,718.0,661.0,361.0,272.0,12.0,64.0,13.0,746.0,75.0,3213.0,67.0,3232.0,47.0,77.0,1504.0,496.0,373.0,41.0,19.0,57.0
India,Mizoram,15,Serchhip,268,2011,7302.0,251.0,248.0,638.0,5.0,715.0,110.0,407.0,5319.0,1090.0,893.0,687.0,1218.0,832.0,28.0,251.0,107.0,2157.0,195.0,6281.0,102.0,724.0,18.0,177.0,775.0,403.0,305.0,25.0,19.0,167.0
India,Tripura,16,Dhalai,269,2011,210325.0,70711.0,12683.0,21282.0,394.0,23972.0,3921.0,798.0,177187.0,19653.0,13485.0,19872.0,12299.0,9121.0,1501.0,1501.0,176.0,12751.0,3439.0,97857.0,3647.0,105382.0,3519.0,2121.0,13057.0,10163.0,5121.0,4569.0,2415.0,1346.0
India,Tripura,16,North Tripura,270,2011,252686.0,80874.0,12831.0,14038.0,870.0,20581.0,729.0,1385.0,213053.0,26336.0,13297.0,17477.0,16831.0,12060.0,1429.0,3042.0,300.0,12530.0,4918.0,147510.0,2058.0,98200.0,2979.0,1082.0,1076.0,1228.0,672.0,3637.0,1860.0,584.0
India,Tripura,16,South Tripura,271,2011,287792.0,89754.0,17955.0,23818.0,1843.0,31047.0,751.0,1000.0,220346.0,42663.0,24783.0,28042.0,22821.0,16894.0,2156.0,3579.0,192.0,13852.0,3377.0,183551.0,2341.0,98523.0,4707.0,1509.0,6156.0,3994.0,3712.0,6832.0,2182.0,656.0
India,Tripura,16,West Tripura,272,2011,350526.0,125667.0,31394.0,39846.0,1566.0,54266.0,2339.0,2767.0,259110.0,50520.0,40896.0,48643.0,41305.0,33614.0,3036.0,4317.0,338.0,36021.0,2166.0,235911.0,2252.0,110124.0,5414.0,2353.0,47102.0,26443.0,20492.0,8045.0,3243.0,1459.0
India,Tripura,16,Khowai,652,2011,215459.0,91552.0,12862.0,18027.0,1102.0,25532.0,670.0,553.0,177319.0,20920.0,17220.0,23343.0,16194.0,13519.0,864.0,1529.0,282.0,13913.0,1355.0,100463.0,3959.0,109682.0,2639.0,1083.0,13664.0,10648.0,5655.0,3192.0,1283.0,540.0
India,Tripura,16,Sepahijala,653,2011,270965.0,107167.0,21788.0,23338.0,953.0,29299.0,1178.0,833.0,215057.0,33410.0,21954.0,26559.0,20791.0,15676.0,1686.0,2955.0,474.0,18477.0,2910.0,163676.0,4260.0,99575.0,4453.0,1976.0,11497.0,8731.0,4417.0,8640.0,3913.0,1014.0
India,Tripura,16,Gomati,654,2011,287938.0,104762.0,25115.0,25934.0,1197.0,35091.0,1029.0,1079.0,224725.0,38482.0,24731.0,31300.0,22509.0,16987.0,1859.0,3095.0,568.0,17167.0,3816.0,190156.0,3617.0,90349.0,4931.0,3772.0,1246.0,926.0,620.0,10329.0,7223.0,2603.0
India,Tripura,16,Unakoti,655,2011,123683.0,37140.0,6441.0,9241.0,496.0,12814.0,561.0,622.0,100455.0,13933.0,9295.0,11339.0,10305.0,6995.0,1708.0,1330.0,272.0,8116.0,920.0,73567.0,2210.0,46986.0,3313.0,906.0,825.0,639.0,492.0,2710.0,899.0,420.0
India,Meghalaya,17,East Garo Hills,273,2011,22435.0,5604.0,400.0,759.0,21.0,900.0,64.0,102.0,20340.0,1336.0,759.0,820.0,1415.0,1217.0,39.0,156.0,3.0,553.0,105.0,4743.0,91.0,17496.0,107.0,244.0,3649.0,1751.0,2164.0,222.0,182.0,213.0
India,Meghalaya,17,East Khasi Hills,274,2011,128931.0,54337.0,1851.0,13523.0,91.0,20918.0,1832.0,9251.0,87765.0,20169.0,20997.0,20231.0,13883.0,2971.0,187.0,10705.0,20.0,11541.0,139.0,91556.0,1451.0,35785.0,272.0,444.0,11744.0,5607.0,4891.0,1614.0,1359.0,322.0
India,Meghalaya,17,West Jaintia Hills,275,2011,43805.0,22574.0,899.0,1972.0,10.0,2741.0,221.0,476.0,30267.0,9960.0,3578.0,2642.0,5000.0,3747.0,37.0,1179.0,37.0,1096.0,128.0,30041.0,213.0,13423.0,165.0,108.0,4962.0,1981.0,2685.0,132.0,59.0,89.0
India,Meghalaya,17,Ri Bhoi,276,2011,45228.0,13948.0,775.0,1853.0,22.0,3046.0,438.0,815.0,34190.0,7882.0,3156.0,2867.0,6483.0,4641.0,385.0,1445.0,12.0,1553.0,67.0,28777.0,293.0,16091.0,274.0,341.0,10781.0,8065.0,6879.0,240.0,56.0,197.0
India,Meghalaya,17,South Garo Hills,277,2011,21856.0,4263.0,472.0,940.0,26.0,1445.0,238.0,214.0,16793.0,4027.0,1036.0,1260.0,2446.0,2027.0,53.0,351.0,15.0,556.0,182.0,9707.0,212.0,11755.0,92.0,96.0,4717.0,2889.0,2938.0,185.0,105.0,55.0
India,Meghalaya,17,West Garo Hills,278,2011,76626.0,20406.0,3491.0,5067.0,622.0,5392.0,504.0,882.0,63706.0,8263.0,4657.0,4901.0,7224.0,5837.0,330.0,895.0,162.0,2473.0,322.0,32556.0,467.0,43281.0,795.0,381.0,19954.0,13216.0,15009.0,2149.0,673.0,185.0
India,Meghalaya,17,West Khasi Hills,279,2011,42265.0,14390.0,432.0,1367.0,20.0,1791.0,444.0,587.0,32461.0,7438.0,2366.0,1719.0,3006.0,2052.0,54.0,893.0,7.0,381.0,237.0,22617.0,379.0,19032.0,124.0,124.0,8953.0,3629.0,4446.0,293.0,130.0,72.0
India,Meghalaya,17,North Garo Hills,656,2011,29984.0,5875.0,791.0,1424.0,10.0,2072.0,255.0,246.0,24555.0,3652.0,1777.0,1985.0,3414.0,2958.0,142.0,308.0,6.0,848.0,172.0,12974.0,331.0,16507.0,252.0,293.0,8117.0,4599.0,5104.0,216.0,69.0,130.0
India,Meghalaya,17,East Jaintia Hills,657,2011,22197.0,8908.0,371.0,588.0,8.0,807.0,129.0,486.0,10652.0,9138.0,2407.0,769.0,11477.0,11188.0,47.0,238.0,4.0,1214.0,199.0,17067.0,412.0,4519.0,178.0,124.0,1652.0,936.0,920.0,151.0,100.0,111.0
India,Meghalaya,17,South West Khasi Hills,658,2011,16990.0,7398.0,274.0,1044.0,38.0,1211.0,153.0,392.0,13446.0,2203.0,1336.0,1179.0,977.0,479.0,11.0,469.0,18.0,208.0,19.0,8696.0,66.0,8209.0,62.0,72.0,5347.0,1640.0,1654.0,43.0,13.0,23.0
India,Meghalaya,17,South West Garo Hills,663,2011,33042.0,9020.0,1123.0,2422.0,161.0,3006.0,273.0,343.0,27468.0,3403.0,2171.0,2717.0,5270.0,4751.0,161.0,356.0,2.0,941.0,208.0,14610.0,181.0,18043.0,273.0,2608.0,11448.0,6936.0,6892.0,738.0,437.0,976.0
India,Assam,18,Barpeta,280,2011,324478.0,135448.0,6234.0,16625.0,3919.0,23156.0,887.0,3032.0,259850.0,39626.0,24966.0,22222.0,30581.0,25516.0,1056.0,3524.0,485.0,10072.0,1840.0,169870.0,1140.0,151628.0,5204.0,1959.0,98222.0,48628.0,25890.0,12972.0,2320.0,672.0
India,Assam,18,Bongaigaon,281,2011,134259.0,55336.0,2310.0,10165.0,1124.0,11763.0,263.0,835.0,105911.0,15979.0,12369.0,11301.0,14318.0,11682.0,553.0,1792.0,291.0,4478.0,557.0,69746.0,665.0,63291.0,975.0,808.0,39230.0,16778.0,9737.0,2352.0,390.0,416.0
India,Assam,18,Cachar,282,2011,357047.0,121456.0,17960.0,31279.0,3060.0,26328.0,3630.0,11817.0,255693.0,67074.0,34280.0,24191.0,33428.0,22439.0,2915.0,4440.0,3634.0,19987.0,4027.0,249581.0,4850.0,98589.0,4431.0,5474.0,60646.0,54025.0,33844.0,12999.0,7653.0,3603.0
India,Assam,18,Darrang,283,2011,176283.0,56631.0,4300.0,9276.0,2477.0,11311.0,866.0,1945.0,144683.0,19973.0,11627.0,10528.0,16217.0,13300.0,355.0,2319.0,243.0,4813.0,1206.0,92959.0,694.0,81424.0,2947.0,1518.0,64125.0,33249.0,21153.0,7776.0,1956.0,327.0
India,Assam,18,Dhemaji,284,2011,129336.0,10411.0,4783.0,8197.0,333.0,8941.0,523.0,1196.0,103894.0,15959.0,9483.0,8350.0,19157.0,15845.0,420.0,2645.0,247.0,5207.0,1107.0,84203.0,503.0,43523.0,2322.0,2502.0,84081.0,29040.0,24248.0,3448.0,684.0,671.0
India,Assam,18,Dhubri,285,2011,268743.0,139413.0,3424.0,8290.0,3293.0,9764.0,324.0,1045.0,223803.0,32999.0,11941.0,9301.0,18411.0,15379.0,568.0,1725.0,739.0,4586.0,1437.0,147013.0,940.0,119353.0,3218.0,823.0,57696.0,40080.0,23532.0,12889.0,1252.0,356.0
India,Assam,18,Dibrugarh,286,2011,244630.0,74087.0,8175.0,23964.0,503.0,18489.0,9821.0,32625.0,181150.0,34093.0,29387.0,17666.0,47817.0,29483.0,1095.0,16875.0,364.0,26607.0,784.0,140398.0,2665.0,100783.0,4054.0,2200.0,96962.0,34154.0,25514.0,6769.0,1869.0,443.0
India,Assam,18,Goalpara,287,2011,189520.0,81547.0,5479.0,7467.0,2279.0,10692.0,563.0,1078.0,151702.0,25398.0,12390.0,9936.0,18339.0,13051.0,838.0,3157.0,1293.0,6295.0,3425.0,105136.0,1115.0,79814.0,2978.0,1795.0,53524.0,22103.0,14200.0,8381.0,3425.0,558.0
India,Assam,18,Golaghat,288,2011,210230.0,48387.0,5422.0,11648.0,947.0,13730.0,1632.0,9117.0,166872.0,26971.0,16387.0,13012.0,30222.0,22603.0,477.0,6847.0,295.0,11669.0,1048.0,132442.0,1748.0,74992.0,5589.0,2385.0,106368.0,57766.0,38632.0,7818.0,779.0,382.0
India,Assam,18,Hailakandi,289,2011,138654.0,37450.0,7132.0,11989.0,1189.0,9295.0,2900.0,2454.0,112094.0,16963.0,9597.0,8143.0,9179.0,5988.0,763.0,1151.0,1277.0,7954.0,1091.0,91447.0,1219.0,44897.0,2986.0,3244.0,45744.0,34831.0,27075.0,5224.0,1923.0,1207.0
India,Assam,18,Jorhat,290,2011,251205.0,73968.0,11254.0,33193.0,849.0,40370.0,4194.0,21515.0,160710.0,44509.0,45971.0,38148.0,65626.0,42541.0,1780.0,20163.0,1142.0,42092.0,1457.0,177560.0,4589.0,67599.0,4153.0,2315.0,68517.0,36117.0,24606.0,7980.0,2789.0,1416.0
India,Assam,18,Kamrup,291,2011,323919.0,100847.0,14882.0,28553.0,1972.0,38390.0,1689.0,9634.0,229604.0,53228.0,41082.0,37190.0,53895.0,37785.0,2148.0,13302.0,660.0,24375.0,3584.0,227889.0,2072.0,90374.0,5215.0,3376.0,120939.0,62810.0,38068.0,16000.0,3746.0,1237.0
India,Assam,18,Karbi Anglong,292,2011,106532.0,14983.0,2891.0,5528.0,346.0,7902.0,624.0,3811.0,84628.0,14926.0,6978.0,7212.0,12087.0,8680.0,789.0,2526.0,92.0,7683.0,580.0,74547.0,727.0,30678.0,1807.0,1682.0,46224.0,25274.0,21775.0,3485.0,998.0,569.0
India,Assam,18,Karimganj,293,2011,181827.0,64007.0,6754.0,14615.0,1826.0,10088.0,1118.0,3644.0,134845.0,34421.0,12561.0,9404.0,9474.0,6068.0,658.0,2060.0,688.0,7350.0,1877.0,134181.0,2156.0,43613.0,1633.0,1542.0,35945.0,23390.0,18463.0,10817.0,7534.0,980.0
India,Assam,18,Kokrajhar,294,2011,180213.0,48220.0,5147.0,9626.0,766.0,11822.0,626.0,1318.0,141373.0,26864.0,11973.0,11157.0,25516.0,22860.0,495.0,1951.0,210.0,5695.0,1134.0,115813.0,846.0,62420.0,2442.0,2304.0,74542.0,38925.0,22533.0,6578.0,1604.0,712.0
India,Assam,18,Lakhimpur,295,2011,190175.0,37801.0,6328.0,14204.0,922.0,16971.0,776.0,4334.0,145874.0,27199.0,17102.0,15957.0,31159.0,24501.0,902.0,5102.0,654.0,8093.0,1366.0,121868.0,1146.0,65795.0,2218.0,2274.0,96842.0,36116.0,24931.0,4778.0,1110.0,510.0
India,Assam,18,Marigaon,296,2011,186494.0,63652.0,3661.0,10491.0,1470.0,11551.0,678.0,1715.0,151341.0,22287.0,12866.0,10922.0,21014.0,16714.0,703.0,3112.0,485.0,7368.0,710.0,108824.0,798.0,76162.0,4441.0,1703.0,71695.0,43222.0,30628.0,13013.0,1429.0,579.0
India,Assam,18,Nagaon,297,2011,404171.0,119474.0,12670.0,19601.0,3383.0,28460.0,3710.0,7734.0,317572.0,57841.0,28744.0,26683.0,49100.0,39090.0,1931.0,6605.0,1474.0,20578.0,2237.0,277845.0,3355.0,120734.0,8225.0,3320.0,154321.0,93224.0,50133.0,19079.0,4028.0,858.0
India,Assam,18,Nalbari,298,2011,154044.0,53870.0,6589.0,17772.0,1687.0,22567.0,598.0,3670.0,102582.0,27369.0,24093.0,21884.0,22781.0,18159.0,1260.0,3203.0,159.0,7201.0,1106.0,107543.0,972.0,44423.0,2153.0,870.0,52537.0,20091.0,14629.0,4538.0,1385.0,254.0
India,Assam,18,Dima Hasao,299,2011,31550.0,2879.0,1181.0,4722.0,14.0,4496.0,181.0,506.0,24496.0,3777.0,3277.0,4178.0,1612.0,994.0,288.0,310.0,20.0,839.0,179.0,18496.0,164.0,12711.0,282.0,343.0,7583.0,6965.0,2553.0,922.0,593.0,112.0
India,Assam,18,Sivasagar,300,2011,174573.0,39560.0,5650.0,20846.0,843.0,22428.0,1956.0,13700.0,124167.0,25459.0,24947.0,21615.0,36490.0,24436.0,829.0,10834.0,391.0,18466.0,595.0,117679.0,1105.0,55194.0,3339.0,1863.0,90984.0,30172.0,25643.0,5245.0,974.0,360.0
India,Assam,18,Sonitpur,301,2011,306153.0,80886.0,9596.0,33382.0,943.0,27513.0,2435.0,16991.0,225259.0,51357.0,29492.0,26196.0,42681.0,30492.0,3165.0,8438.0,586.0,27415.0,2222.0,207711.0,3897.0,92293.0,2209.0,1844.0,127606.0,66927.0,46569.0,5837.0,1162.0,602.0
India,Assam,18,Tinsukia,302,2011,233987.0,71680.0,10696.0,17929.0,669.0,15817.0,5464.0,44412.0,172101.0,39719.0,22167.0,14740.0,38434.0,27273.0,1634.0,9154.0,373.0,20794.0,1368.0,146414.0,1936.0,84268.0,2967.0,2525.0,77237.0,35090.0,30066.0,11390.0,6276.0,646.0
India,Assam,18,Chirang,612,2011,98762.0,28714.0,2760.0,9385.0,658.0,6255.0,1610.0,1545.0,76453.0,13895.0,8405.0,6011.0,10794.0,7894.0,327.0,2437.0,136.0,4612.0,713.0,65047.0,1459.0,31543.0,1742.0,875.0,44578.0,22622.0,11935.0,4124.0,966.0,254.0
India,Assam,18,Baksa,616,2011,200873.0,57770.0,6757.0,14874.0,905.0,15490.0,704.0,3210.0,151468.0,32282.0,17119.0,14817.0,19760.0,16558.0,759.0,2327.0,116.0,5637.0,1787.0,133461.0,1230.0,64395.0,3360.0,1324.0,77544.0,44857.0,29229.0,4959.0,587.0,579.0
India,Assam,18,Udalguri,617,2011,170174.0,54844.0,3357.0,6889.0,581.0,8326.0,882.0,6589.0,136907.0,23504.0,9763.0,7729.0,18056.0,15304.0,300.0,2265.0,187.0,4380.0,394.0,109406.0,851.0,59523.0,2432.0,1818.0,58082.0,27628.0,25382.0,5241.0,708.0,202.0
India,Assam,18,Kamrup Metro,618,2011,54802.0,16150.0,1778.0,4398.0,261.0,7421.0,521.0,2702.0,32421.0,13830.0,8547.0,7145.0,13304.0,6389.0,1102.0,5665.0,148.0,7228.0,144.0,45721.0,507.0,8419.0,923.0,204.0,13102.0,4547.0,4208.0,3238.0,2148.0,79.0
India,Assam,18,Biswanath,705,2011,122891.0,34175.0,6755.0,11093.0,337.0,6258.0,929.0,7509.0,96217.0,19462.0,7212.0,5672.0,14301.0,11679.0,239.0,2002.0,381.0,4597.0,593.0,76822.0,717.0,44759.0,287.0,150.0,54468.0,32401.0,15948.0,913.0,322.0,32.0
India,Assam,18,Majuli,706,2011,33041.0,2567.0,1263.0,3148.0,142.0,3859.0,115.0,241.0,24454.0,5169.0,3418.0,3641.0,6919.0,5868.0,101.0,660.0,290.0,2157.0,152.0,23511.0,155.0,9223.0,860.0,294.0,23682.0,12060.0,8434.0,1085.0,61.0,31.0
India,Assam,18,South Salmara Mancachar,707,2011,123341.0,73948.0,964.0,2392.0,2157.0,3314.0,152.0,254.0,111911.0,7328.0,4068.0,3112.0,4826.0,3508.0,209.0,983.0,126.0,1093.0,291.0,36320.0,276.0,86454.0,802.0,780.0,9016.0,6301.0,3702.0,1926.0,510.0,717.0
India,Assam,18,Charaideo,708,2011,86938.0,28840.0,2755.0,7512.0,258.0,5899.0,746.0,12765.0,71582.0,9211.0,6145.0,5141.0,12485.0,9322.0,235.0,2847.0,81.0,4808.0,283.0,49147.0,445.0,37063.0,1423.0,611.0,39801.0,12686.0,7124.0,2713.0,548.0,178.0
India,Assam,18,Hojai,709,2011,94787.0,28183.0,1711.0,2877.0,464.0,3932.0,264.0,1512.0,73881.0,15713.0,5193.0,3604.0,8391.0,6766.0,301.0,1220.0,104.0,3758.0,192.0,75000.0,396.0,19199.0,985.0,543.0,35996.0,13490.0,11289.0,2786.0,795.0,146.0
India,Assam,18,West Karbi Anglong,710,2011,48705.0,3980.0,2317.0,2685.0,95.0,2896.0,230.0,465.0,39923.0,6417.0,2365.0,2577.0,4468.0,3708.0,181.0,499.0,80.0,2876.0,916.0,31504.0,336.0,15949.0,1701.0,1265.0,28052.0,13421.0,11074.0,3091.0,470.0,445.0
India,West Bengal,19,North 24 Parganas,303,2011,1189125.0,646029.0,16396.0,93623.0,15978.0,41906.0,25407.0,26002.0,985120.0,135047.0,68958.0,39711.0,94097.0,77845.0,3526.0,10942.0,1784.0,83041.0,4068.0,661290.0,9873.0,513894.0,11776.0,9455.0,149363.0,157999.0,63357.0,36057.0,4543.0,2790.0
India,West Bengal,19,South 24 Parganas,304,2011,1609174.0,775843.0,14910.0,84598.0,17638.0,52613.0,40250.0,51809.0,1347748.0,184424.0,76998.0,48844.0,76444.0,61242.0,5942.0,6258.0,3002.0,88931.0,2824.0,950866.0,10231.0,645251.0,10396.0,9300.0,277243.0,104732.0,93910.0,40053.0,8765.0,4734.0
India,West Bengal,19,Bankura,305,2011,725158.0,298123.0,8375.0,40281.0,9346.0,45185.0,12398.0,17350.0,617260.0,61725.0,45659.0,42268.0,73070.0,69377.0,515.0,2933.0,245.0,31359.0,2817.0,340121.0,9361.0,372859.0,9085.0,8888.0,214230.0,113888.0,98324.0,35813.0,1025.0,847.0
India,West Bengal,19,Purba Bardhaman,306,2011,1033598.0,565804.0,17391.0,54155.0,13088.0,43921.0,15954.0,17289.0,851243.0,118437.0,63658.0,41267.0,92581.0,82939.0,1580.0,7447.0,615.0,57053.0,4890.0,595519.0,16871.0,416318.0,17964.0,18246.0,113767.0,226739.0,90520.0,43302.0,3910.0,2204.0
India,West Bengal,19,Birbhum,307,2011,783665.0,458626.0,7927.0,34546.0,15386.0,29875.0,7633.0,4949.0,690198.0,58744.0,34720.0,28270.0,48723.0,44722.0,572.0,3048.0,381.0,33002.0,1920.0,320026.0,8821.0,452895.0,7620.0,7540.0,107709.0,112622.0,68452.0,27933.0,2061.0,1939.0
India,West Bengal,19,Coochbehar,308,2011,694651.0,318386.0,9777.0,38145.0,7971.0,23860.0,3548.0,3303.0,581066.0,82555.0,31009.0,22329.0,42824.0,37791.0,1032.0,3385.0,616.0,17152.0,2883.0,321812.0,3614.0,366321.0,10680.0,6370.0,172307.0,175579.0,52307.0,31785.0,2557.0,1593.0
India,West Bengal,19,Darjeeling,309,2011,247385.0,107476.0,9896.0,31862.0,880.0,26934.0,4615.0,20995.0,192301.0,30546.0,24538.0,23856.0,25475.0,19173.0,474.0,5743.0,85.0,20088.0,751.0,164640.0,1857.0,80136.0,1407.0,1237.0,31511.0,23107.0,13412.0,2218.0,866.0,784.0
India,West Bengal,19,Dakshin Dinajpur,310,2011,350217.0,146144.0,3833.0,13045.0,3752.0,10686.0,4529.0,1864.0,313393.0,25245.0,11579.0,9827.0,17194.0,14786.0,684.0,1422.0,302.0,15280.0,450.0,187765.0,1565.0,160437.0,4409.0,3728.0,74033.0,103778.0,27688.0,23435.0,923.0,556.0
India,West Bengal,19,Uttar Dinajpur,311,2011,555596.0,258581.0,5796.0,29920.0,4805.0,13486.0,7977.0,6309.0,469102.0,66869.0,19624.0,12171.0,36942.0,32082.0,972.0,3115.0,773.0,23222.0,1302.0,293777.0,2449.0,258067.0,8898.0,5537.0,86494.0,150364.0,43345.0,32567.0,2636.0,2205.0
India,West Bengal,19,Hooghly,312,2011,949684.0,422429.0,16537.0,77876.0,8076.0,48842.0,36480.0,44113.0,694990.0,163173.0,91496.0,46595.0,162988.0,120564.0,2929.0,38913.0,582.0,97465.0,2549.0,630653.0,23234.0,293247.0,16194.0,13638.0,88501.0,222907.0,49602.0,46457.0,5447.0,1489.0
India,West Bengal,19,Howrah,313,2011,820420.0,382777.0,23073.0,52309.0,6171.0,37628.0,23755.0,67658.0,597156.0,148348.0,74916.0,36206.0,103676.0,94687.0,1718.0,6741.0,530.0,94351.0,4684.0,592181.0,14264.0,209291.0,4869.0,3035.0,78075.0,71128.0,27628.0,11797.0,4114.0,1525.0
India,West Bengal,19,Jalpaiguri,314,2011,653756.0,341934.0,11339.0,58940.0,3754.0,29553.0,17913.0,43083.0,521631.0,90546.0,41578.0,28197.0,59221.0,52084.0,826.0,5756.0,555.0,30873.0,1209.0,346853.0,6257.0,299436.0,4383.0,5176.0,93309.0,90485.0,27201.0,9072.0,1389.0,1938.0
India,West Bengal,19,Malda,316,2011,925283.0,518846.0,8223.0,38667.0,14208.0,26988.0,13240.0,7571.0,784608.0,102967.0,37708.0,25230.0,45544.0,38651.0,945.0,3558.0,2390.0,32998.0,1910.0,531628.0,6121.0,385624.0,6529.0,5799.0,118224.0,132632.0,38075.0,16775.0,2976.0,2964.0
India,West Bengal,19,Purba Medinipur,317,2011,1080890.0,409581.0,14044.0,70580.0,15708.0,49873.0,12062.0,28081.0,892350.0,123382.0,65096.0,46352.0,68505.0,62142.0,1788.0,3648.0,927.0,48631.0,2015.0,625307.0,7192.0,446376.0,8559.0,10164.0,308386.0,239221.0,109557.0,28938.0,3916.0,2113.0
India,West Bengal,19,Paschim Medinipur,318,2011,939907.0,302156.0,12924.0,58557.0,7705.0,40605.0,19027.0,15426.0,789658.0,94689.0,55557.0,37229.0,101396.0,92454.0,1262.0,7170.0,510.0,50689.0,1696.0,529512.0,7526.0,401163.0,15461.0,21152.0,261682.0,322615.0,141076.0,48980.0,1853.0,1703.0
India,West Bengal,19,Murshidabad,319,2011,1662985.0,973586.0,25761.0,66585.0,45045.0,51130.0,10512.0,10770.0,1400135.0,190339.0,72221.0,47745.0,97249.0,87746.0,1627.0,6533.0,1343.0,56872.0,9737.0,832885.0,8244.0,812116.0,17785.0,13299.0,180303.0,249516.0,75793.0,51774.0,8300.0,6017.0
India,West Bengal,19,Nadia,320,2011,1108444.0,605528.0,27717.0,50388.0,12174.0,47604.0,9078.0,11515.0,860439.0,164944.0,83061.0,45948.0,78698.0,70386.0,1755.0,5594.0,963.0,62403.0,7839.0,634599.0,8678.0,457328.0,19795.0,9820.0,129243.0,204938.0,51515.0,67788.0,6693.0,2528.0
India,West Bengal,19,Purulia,321,2011,536972.0,159435.0,8418.0,29289.0,5549.0,30742.0,9073.0,6449.0,471934.0,33593.0,31421.0,29040.0,43019.0,39183.0,297.0,3355.0,184.0,22526.0,1337.0,212577.0,2368.0,320684.0,3542.0,2514.0,290421.0,20910.0,66027.0,14190.0,741.0,445.0
India,West Bengal,19,Alipurduar,664,2011,332395.0,173229.0,8170.0,25665.0,2212.0,15921.0,5459.0,27813.0,276581.0,34067.0,21588.0,14982.0,24917.0,19947.0,481.0,4383.0,106.0,18465.0,906.0,147225.0,4643.0,179620.0,2183.0,1899.0,41117.0,36811.0,15795.0,6632.0,1221.0,849.0
India,West Bengal,19,Kalimpong,702,2011,45538.0,12568.0,1925.0,6119.0,37.0,7566.0,1416.0,2542.0,35209.0,4784.0,5545.0,6123.0,2908.0,1215.0,4.0,1675.0,14.0,4123.0,115.0,30484.0,311.0,14628.0,184.0,108.0,16028.0,7429.0,8733.0,71.0,28.0,48.0
India,West Bengal,19,Jhargram,703,2011,252809.0,89048.0,1669.0,9182.0,426.0,11401.0,1571.0,1902.0,230915.0,13573.0,8321.0,10180.0,15977.0,14729.0,171.0,937.0,140.0,7636.0,609.0,102396.0,725.0,149079.0,1773.0,1106.0,107357.0,30364.0,37658.0,6891.0,227.0,205.0
India,West Bengal,19,Paschim Bardhaman,704,2011,259837.0,115455.0,17185.0,65829.0,1506.0,39250.0,22085.0,9933.0,165024.0,29423.0,65390.0,38543.0,65152.0,58987.0,430.0,5329.0,406.0,56365.0,1145.0,168736.0,4558.0,85398.0,1637.0,929.0,26448.0,9497.0,9635.0,3286.0,1175.0,544.0
India,Jharkhand,20,Bokaro,322,2011,280747.0,57724.0,7636.0,28331.0,1170.0,28210.0,4350.0,6828.0,221615.0,27339.0,31793.0,26943.0,60729.0,55605.0,491.0,4384.0,249.0,26082.0,907.0,182343.0,1742.0,95755.0,4261.0,2290.0,168288.0,67885.0,90988.0,9398.0,443.0,414.0
India,Jharkhand,20,Chatra,323,2011,175409.0,43286.0,3066.0,5320.0,616.0,5160.0,2187.0,1668.0,145991.0,20688.0,8730.0,4880.0,18394.0,16014.0,541.0,1611.0,228.0,6699.0,621.0,110509.0,1159.0,63120.0,4675.0,3526.0,97737.0,71800.0,59239.0,19996.0,1059.0,562.0
India,Jharkhand,20,Deoghar,324,2011,214920.0,29850.0,4768.0,5890.0,640.0,8232.0,1002.0,1669.0,180726.0,24795.0,9399.0,7628.0,26404.0,24086.0,575.0,1316.0,427.0,6411.0,2398.0,149539.0,713.0,62270.0,3568.0,3588.0,151600.0,93961.0,96109.0,12022.0,421.0,285.0
India,Jharkhand,20,Dhanbad,325,2011,262223.0,70345.0,14830.0,35551.0,1016.0,30506.0,8996.0,9502.0,193799.0,29159.0,39265.0,29484.0,63942.0,57682.0,796.0,3934.0,1530.0,31689.0,1125.0,190235.0,1793.0,69070.0,2640.0,2667.0,126146.0,48513.0,54659.0,3979.0,628.0,606.0
India,Jharkhand,20,Dumka,326,2011,265344.0,44350.0,3491.0,6603.0,515.0,11292.0,914.0,1139.0,236059.0,19014.0,10271.0,10163.0,25564.0,22990.0,240.0,1718.0,616.0,8599.0,744.0,118111.0,946.0,145543.0,3657.0,3882.0,184134.0,73599.0,96613.0,9106.0,577.0,471.0
India,Jharkhand,20,East Singhbum,327,2011,428965.0,157058.0,13150.0,35688.0,1184.0,21681.0,18796.0,31567.0,252724.0,122083.0,54158.0,20440.0,171338.0,154450.0,7254.0,8939.0,695.0,67749.0,3302.0,308837.0,8916.0,107910.0,5286.0,13208.0,78981.0,21676.0,50357.0,7652.0,4028.0,7158.0
India,Jharkhand,20,Garhwa,328,2011,230323.0,43005.0,2646.0,4909.0,860.0,7024.0,2556.0,5286.0,187132.0,33153.0,10038.0,6315.0,27108.0,22665.0,1191.0,2163.0,1089.0,8574.0,698.0,146883.0,1804.0,80938.0,4587.0,4215.0,136379.0,88142.0,71820.0,21806.0,1743.0,897.0
India,Jharkhand,20,Giridih,329,2011,395150.0,60628.0,7044.0,13828.0,1226.0,19357.0,2968.0,5278.0,306048.0,63921.0,25180.0,18129.0,64288.0,58249.0,1114.0,4396.0,529.0,14615.0,1616.0,322764.0,1821.0,68948.0,7062.0,4664.0,286365.0,126926.0,177903.0,17034.0,785.0,474.0
India,Jharkhand,20,Godda,330,2011,241745.0,81586.0,5734.0,8233.0,514.0,10133.0,1580.0,1444.0,194093.0,32503.0,15148.0,9554.0,33159.0,28127.0,784.0,1842.0,2406.0,7451.0,2324.0,159100.0,1867.0,78453.0,4682.0,5308.0,106932.0,76758.0,56207.0,8409.0,1778.0,1887.0
India,Jharkhand,20,Gumla,331,2011,179972.0,24724.0,3815.0,5566.0,574.0,7531.0,567.0,1510.0,127052.0,35972.0,16948.0,7039.0,49011.0,37965.0,6528.0,2290.0,2228.0,5089.0,2982.0,116851.0,3973.0,56166.0,3864.0,4022.0,93916.0,33618.0,39339.0,14688.0,7972.0,1736.0
India,Jharkhand,20,Hazaribagh,332,2011,288898.0,43196.0,6125.0,15194.0,754.0,14036.0,4927.0,5678.0,208254.0,55822.0,24821.0,13461.0,57480.0,50780.0,743.0,5707.0,250.0,17703.0,2186.0,243989.0,2045.0,40677.0,6709.0,5233.0,187523.0,138167.0,128337.0,29083.0,755.0,285.0
India,Jharkhand,20,Jamtara,333,2011,138973.0,22481.0,1741.0,3753.0,481.0,5385.0,1320.0,462.0,120836.0,13721.0,4416.0,4855.0,17204.0,16291.0,126.0,664.0,123.0,3855.0,847.0,73250.0,442.0,64434.0,1249.0,1730.0,97490.0,47675.0,64911.0,4567.0,255.0,170.0
India,Jharkhand,20,Koderma,334,2011,106100.0,21510.0,1779.0,3257.0,296.0,4394.0,773.0,2244.0,78752.0,20528.0,6820.0,4183.0,16959.0,15214.0,272.0,1353.0,120.0,4091.0,242.0,85514.0,673.0,19671.0,1900.0,1897.0,64593.0,40741.0,43256.0,6370.0,234.0,268.0
India,Jharkhand,20,Latehar,335,2011,132160.0,16825.0,3255.0,3477.0,197.0,4411.0,385.0,990.0,116763.0,9790.0,5607.0,4144.0,10416.0,8928.0,278.0,1084.0,126.0,4274.0,2510.0,70434.0,422.0,58794.0,1737.0,1612.0,98116.0,46814.0,37242.0,5653.0,570.0,115.0
India,Jharkhand,20,Lohardaga,336,2011,80332.0,9135.0,1448.0,2750.0,118.0,2999.0,259.0,633.0,68566.0,8569.0,3197.0,2764.0,9502.0,8550.0,368.0,528.0,56.0,3550.0,488.0,49182.0,565.0,30097.0,3500.0,2583.0,55615.0,26709.0,19994.0,11880.0,763.0,230.0
India,Jharkhand,20,Pakur,337,2011,179676.0,67865.0,2047.0,2132.0,624.0,3551.0,293.0,626.0,163845.0,11326.0,4505.0,3162.0,12090.0,10837.0,187.0,745.0,321.0,2911.0,2424.0,64923.0,360.0,111969.0,1969.0,1498.0,73686.0,45255.0,28847.0,4395.0,1304.0,513.0
India,Jharkhand,20,Palamu,338,2011,326389.0,83238.0,5268.0,11027.0,878.0,15439.0,2736.0,2981.0,248670.0,51060.0,26659.0,14227.0,44045.0,34273.0,1840.0,6082.0,1850.0,10119.0,1468.0,212807.0,2221.0,109893.0,6222.0,10282.0,180037.0,105894.0,85590.0,18700.0,1259.0,1837.0
India,Jharkhand,20,Ranchi,339,2011,390946.0,71839.0,10456.0,23293.0,1050.0,21124.0,5417.0,14225.0,251024.0,82905.0,41409.0,19871.0,113418.0,85498.0,5638.0,15260.0,7022.0,29781.0,4679.0,270522.0,5969.0,109775.0,12002.0,10395.0,210093.0,131506.0,134058.0,35462.0,6851.0,4887.0
India,Jharkhand,20,Sahebganj,340,2011,249518.0,119277.0,5125.0,3848.0,656.0,5451.0,616.0,810.0,210162.0,30386.0,8959.0,5066.0,17604.0,15728.0,403.0,1187.0,286.0,3231.0,2453.0,146650.0,652.0,99752.0,3800.0,3352.0,72854.0,48898.0,38656.0,9325.0,3689.0,960.0
India,Jharkhand,20,Saraikela Kharsawan,341,2011,164571.0,44246.0,7314.0,8743.0,343.0,4717.0,2348.0,12463.0,109020.0,39219.0,16332.0,4163.0,54366.0,42758.0,2583.0,1935.0,7090.0,9093.0,4741.0,100613.0,2211.0,57006.0,6804.0,9311.0,64354.0,18719.0,21835.0,9888.0,5753.0,5557.0
India,Jharkhand,20,Simdega,342,2011,110578.0,13002.0,1013.0,2605.0,458.0,2776.0,338.0,367.0,87435.0,15713.0,7430.0,2560.0,18733.0,14203.0,2720.0,1060.0,750.0,1912.0,839.0,64180.0,2106.0,43453.0,1387.0,1647.0,77144.0,9401.0,10735.0,3720.0,1575.0,582.0
India,Jharkhand,20,West Singhbhum,343,2011,254236.0,101902.0,8947.0,8511.0,768.0,3481.0,5644.0,11274.0,137983.0,93896.0,22357.0,2598.0,81599.0,64737.0,6287.0,2105.0,8470.0,11336.0,5844.0,176006.0,3963.0,68423.0,8216.0,10811.0,60036.0,38824.0,39325.0,15034.0,7274.0,4507.0
India,Jharkhand,20,Khunti,606,2011,96784.0,8328.0,2435.0,2152.0,113.0,3163.0,218.0,597.0,87962.0,5937.0,2885.0,2871.0,7853.0,6892.0,249.0,601.0,111.0,2981.0,731.0,49718.0,144.0,46191.0,2003.0,1454.0,70684.0,34459.0,32236.0,3300.0,286.0,167.0
India,Jharkhand,20,Ramgarh,607,2011,157331.0,35249.0,6646.0,27306.0,369.0,16686.0,9694.0,6859.0,109302.0,17968.0,30061.0,16235.0,43641.0,37817.0,506.0,5179.0,139.0,22449.0,272.0,125087.0,946.0,31026.0,2577.0,1965.0,74536.0,59059.0,57396.0,16379.0,659.0,435.0
India,Odisha,21,Anugul,344,2011,280578.0,98240.0,11584.0,19752.0,1418.0,18586.0,8189.0,6361.0,234985.0,18393.0,27200.0,17154.0,41201.0,35519.0,677.0,4193.0,812.0,29668.0,892.0,79999.0,4620.0,195067.0,2919.0,6457.0,130235.0,11718.0,15011.0,6556.0,1581.0,1762.0
India,Odisha,21,Balangir,345,2011,405516.0,168974.0,3529.0,5780.0,2467.0,12178.0,552.0,1904.0,381643.0,13485.0,10268.0,10135.0,19183.0,17712.0,74.0,1217.0,180.0,7512.0,1307.0,76727.0,886.0,326596.0,1977.0,2437.0,65301.0,6276.0,8574.0,4518.0,575.0,444.0
India,Odisha,21,Baleshwar,346,2011,507282.0,161039.0,10343.0,12920.0,3577.0,23198.0,1806.0,11742.0,407240.0,65218.0,34824.0,20358.0,54662.0,42244.0,814.0,11160.0,444.0,29149.0,2894.0,228317.0,4251.0,271820.0,4386.0,8673.0,203557.0,75372.0,53430.0,10804.0,2736.0,1289.0
India,Odisha,21,Bargarh,347,2011,360771.0,139776.0,3366.0,4531.0,2398.0,11032.0,654.0,3257.0,330303.0,19591.0,10661.0,9074.0,31001.0,28784.0,206.0,1836.0,175.0,12528.0,1291.0,97450.0,1258.0,260772.0,4827.0,8395.0,141970.0,47934.0,17346.0,7305.0,448.0,314.0
India,Odisha,21,Bhadrak,348,2011,306735.0,91704.0,5430.0,24232.0,3422.0,15035.0,16937.0,9755.0,242645.0,30987.0,33103.0,13123.0,36412.0,22537.0,1054.0,11644.0,1177.0,21442.0,1302.0,157209.0,3066.0,145158.0,3588.0,6030.0,122226.0,43784.0,48851.0,8329.0,1307.0,658.0
India,Odisha,21,Boudh,349,2011,108931.0,36916.0,1155.0,1363.0,409.0,2998.0,133.0,342.0,103079.0,3481.0,2371.0,2433.0,4941.0,4468.0,51.0,339.0,83.0,2315.0,401.0,20333.0,296.0,87901.0,1045.0,1720.0,48281.0,9584.0,16028.0,2458.0,536.0,288.0
India,Odisha,21,Cuttack,350,2011,448758.0,200267.0,9401.0,16712.0,4089.0,32578.0,1442.0,15141.0,372024.0,43449.0,33285.0,29565.0,60517.0,56075.0,804.0,3274.0,364.0,35918.0,2487.0,208277.0,6191.0,231803.0,3465.0,7843.0,122182.0,87565.0,38692.0,7898.0,1862.0,1133.0
India,Odisha,21,Deogarh,351,2011,74410.0,27470.0,1118.0,1599.0,251.0,3976.0,175.0,521.0,68598.0,2937.0,2875.0,3284.0,4769.0,4448.0,26.0,272.0,23.0,2663.0,151.0,14350.0,231.0,59678.0,571.0,1667.0,38901.0,4489.0,4562.0,1337.0,227.0,238.0
India,Odisha,21,Dhenkanal,352,2011,272773.0,137365.0,3766.0,5981.0,2685.0,12755.0,1191.0,5587.0,243548.0,17553.0,11672.0,11047.0,21752.0,19726.0,442.0,1451.0,133.0,13732.0,738.0,71954.0,1625.0,198456.0,1932.0,4424.0,93289.0,15004.0,15640.0,5243.0,1868.0,1337.0
India,Odisha,21,Gajapati,353,2011,125989.0,75734.0,1451.0,2332.0,225.0,3208.0,144.0,533.0,116978.0,6448.0,2396.0,2461.0,7051.0,6193.0,111.0,573.0,174.0,2266.0,261.0,19742.0,430.0,105112.0,763.0,524.0,17213.0,6823.0,4509.0,1462.0,1045.0,244.0
India,Odisha,21,Ganjam,354,2011,652975.0,326334.0,13084.0,13122.0,2642.0,22025.0,1608.0,7525.0,564526.0,62909.0,25528.0,19423.0,52512.0,41089.0,1459.0,8322.0,1642.0,26414.0,2275.0,315256.0,3904.0,331540.0,4995.0,6259.0,165429.0,78948.0,61235.0,10318.0,2832.0,1870.0
India,Odisha,21,Jagatsinghapur,355,2011,247700.0,71591.0,6525.0,10372.0,1950.0,18912.0,1509.0,15845.0,190581.0,34596.0,22523.0,17351.0,36771.0,33740.0,489.0,2364.0,178.0,22026.0,1173.0,140780.0,2667.0,103080.0,3212.0,5513.0,106534.0,64938.0,21941.0,5425.0,785.0,465.0
India,Odisha,21,Jajapur,356,2011,413305.0,188822.0,10592.0,19653.0,4992.0,22800.0,8205.0,17454.0,336831.0,42202.0,34272.0,20477.0,50199.0,41411.0,751.0,7830.0,207.0,33866.0,986.0,188127.0,5320.0,218872.0,3924.0,5865.0,136391.0,43378.0,29546.0,7902.0,2419.0,1281.0
India,Odisha,21,Jharsuguda,357,2011,87340.0,28628.0,1047.0,4895.0,408.0,4800.0,2491.0,2846.0,74756.0,5571.0,6886.0,4177.0,14727.0,13001.0,94.0,1517.0,115.0,7335.0,318.0,36696.0,528.0,49798.0,1616.0,1713.0,43026.0,3029.0,2785.0,3136.0,300.0,94.0
India,Odisha,21,Kalahandi,358,2011,383014.0,190217.0,2858.0,5730.0,2426.0,11732.0,549.0,1983.0,360898.0,12701.0,9181.0,9196.0,20741.0,18744.0,237.0,1566.0,194.0,8070.0,799.0,68939.0,656.0,312620.0,3158.0,3968.0,31928.0,5900.0,5984.0,3716.0,839.0,573.0
India,Odisha,21,Kandhamal,359,2011,164174.0,82387.0,1782.0,3228.0,299.0,6659.0,264.0,837.0,152189.0,7258.0,4692.0,5541.0,6636.0,5820.0,155.0,512.0,149.0,3312.0,467.0,18444.0,628.0,144635.0,607.0,1164.0,49262.0,10652.0,11841.0,1274.0,492.0,571.0
India,Odisha,21,Kendrapara,360,2011,325377.0,110703.0,7119.0,10614.0,4844.0,19236.0,1609.0,14503.0,252658.0,45394.0,27325.0,17506.0,33614.0,30844.0,501.0,1946.0,323.0,23019.0,2417.0,157498.0,2860.0,162602.0,3649.0,5528.0,145164.0,51018.0,27665.0,5003.0,725.0,635.0
India,Odisha,21,Kendujhar,361,2011,368263.0,94046.0,5839.0,8953.0,1610.0,15692.0,1869.0,7258.0,333486.0,18786.0,15991.0,13723.0,32076.0,27808.0,462.0,3109.0,697.0,15335.0,1016.0,93680.0,1132.0,272435.0,2774.0,5535.0,226445.0,23769.0,28145.0,4503.0,871.0,451.0
India,Odisha,21,Khordha,362,2011,402325.0,135332.0,9130.0,9542.0,2181.0,17896.0,1774.0,6708.0,246784.0,138902.0,16639.0,15711.0,93143.0,35901.0,11347.0,44721.0,1174.0,71235.0,2399.0,232153.0,8247.0,159526.0,2756.0,4468.0,82015.0,27625.0,17226.0,3996.0,1599.0,1260.0
India,Odisha,21,Koraput,363,2011,287792.0,134083.0,2637.0,5315.0,610.0,8183.0,1039.0,1639.0,268631.0,12186.0,6877.0,6622.0,17163.0,13523.0,398.0,3075.0,167.0,7329.0,679.0,40918.0,2382.0,243813.0,1280.0,2233.0,80269.0,28605.0,21577.0,2192.0,678.0,465.0
India,Odisha,21,Malkangiri,364,2011,128353.0,21856.0,1214.0,1684.0,321.0,3188.0,129.0,335.0,121205.0,4530.0,2578.0,2432.0,6711.0,6020.0,64.0,420.0,207.0,2917.0,232.0,22109.0,331.0,105681.0,750.0,1510.0,79557.0,16441.0,14969.0,1499.0,299.0,246.0
India,Odisha,21,Mayurbhanj,365,2011,600528.0,196333.0,8160.0,10331.0,1491.0,24339.0,1202.0,3890.0,553673.0,26721.0,20134.0,20957.0,43474.0,39656.0,746.0,2798.0,274.0,17453.0,1277.0,169486.0,2154.0,427611.0,3484.0,6463.0,319883.0,40844.0,37997.0,5089.0,760.0,883.0
India,Odisha,21,Nabarangpur,366,2011,265620.0,98994.0,3426.0,2623.0,624.0,5957.0,244.0,1027.0,251006.0,9444.0,5169.0,4668.0,16550.0,15021.0,194.0,1067.0,268.0,4900.0,1590.0,47601.0,1093.0,215336.0,2205.0,2132.0,131612.0,9932.0,7431.0,3097.0,585.0,645.0
India,Odisha,21,Nayagarh,367,2011,229999.0,103672.0,4026.0,4196.0,2094.0,10775.0,531.0,2466.0,206015.0,14693.0,8826.0,8833.0,18888.0,17473.0,426.0,875.0,114.0,10068.0,1529.0,84697.0,1350.0,142423.0,1606.0,4495.0,83084.0,16508.0,13206.0,3263.0,960.0,1022.0
India,Odisha,21,Nuapada,368,2011,159341.0,48860.0,1855.0,2364.0,756.0,5363.0,217.0,687.0,149223.0,5610.0,4508.0,4276.0,8351.0,7524.0,44.0,641.0,142.0,4149.0,818.0,35098.0,365.0,123060.0,1234.0,2155.0,90044.0,12085.0,9970.0,1355.0,150.0,202.0
India,Odisha,21,Puri,369,2011,325459.0,106916.0,9164.0,9504.0,2576.0,16463.0,989.0,7419.0,281563.0,27639.0,16257.0,14666.0,33720.0,30185.0,579.0,1805.0,1151.0,16860.0,996.0,146840.0,3129.0,174494.0,3735.0,5895.0,144555.0,59687.0,36907.0,7434.0,971.0,607.0
India,Odisha,21,Rayagada,370,2011,207700.0,120309.0,2018.0,2868.0,532.0,5542.0,340.0,3402.0,194147.0,8368.0,4989.0,4296.0,11109.0,9649.0,126.0,850.0,484.0,5930.0,722.0,31248.0,1305.0,173892.0,990.0,867.0,30793.0,9702.0,9828.0,1744.0,890.0,402.0
India,Odisha,21,Sambalpur,371,2011,170914.0,69083.0,1950.0,3114.0,919.0,6783.0,350.0,2103.0,152878.0,11189.0,6847.0,5845.0,16038.0,14318.0,218.0,1317.0,185.0,8089.0,389.0,51641.0,839.0,118045.0,3259.0,5527.0,77527.0,10885.0,8496.0,6463.0,543.0,278.0
India,Odisha,21,Sonepur,372,2011,147869.0,59550.0,1841.0,2012.0,709.0,5094.0,225.0,834.0,134798.0,8476.0,4472.0,4005.0,10924.0,9949.0,119.0,665.0,191.0,5026.0,727.0,43703.0,701.0,102738.0,2581.0,2679.0,54853.0,23458.0,10755.0,3189.0,330.0,222.0
India,Odisha,21,Sundargarh,373,2011,348348.0,94496.0,5622.0,10965.0,1142.0,14865.0,2301.0,9380.0,312837.0,18621.0,16693.0,12969.0,33860.0,30055.0,461.0,3142.0,202.0,19405.0,1074.0,115803.0,1847.0,229624.0,2964.0,7602.0,202912.0,20984.0,16849.0,5539.0,1301.0,857.0
India,Chhattisgarh,22,Bastar,374,2011,166813.0,51380.0,703.0,2514.0,605.0,7948.0,311.0,808.0,154154.0,8245.0,4297.0,6797.0,14822.0,13437.0,60.0,1241.0,84.0,4513.0,189.0,29123.0,600.0,136901.0,991.0,1510.0,93780.0,3652.0,11710.0,1721.0,174.0,115.0
India,Chhattisgarh,22,Bilaspur,375,2011,351453.0,187283.0,2166.0,11902.0,2007.0,19245.0,1502.0,4367.0,313467.0,20995.0,16934.0,17464.0,40349.0,34389.0,396.0,5309.0,255.0,20342.0,299.0,108874.0,3523.0,238757.0,2381.0,4489.0,93841.0,16860.0,27777.0,7996.0,838.0,620.0
India,Chhattisgarh,22,Dakshin Bastar Dantewada,376,2011,48774.0,6097.0,216.0,714.0,83.0,2260.0,53.0,46.0,45284.0,1894.0,1557.0,1942.0,3468.0,3140.0,13.0,261.0,54.0,1683.0,42.0,6419.0,186.0,42127.0,159.0,338.0,33164.0,2669.0,3069.0,179.0,24.0,51.0
India,Chhattisgarh,22,Dhamtari,377,2011,153712.0,60320.0,1846.0,3626.0,913.0,10494.0,347.0,1075.0,132402.0,12711.0,8598.0,9401.0,28510.0,25816.0,125.0,2485.0,84.0,6763.0,356.0,60008.0,1042.0,92305.0,3379.0,5553.0,42460.0,19605.0,35996.0,11744.0,251.0,149.0
India,Chhattisgarh,22,Durg,378,2011,126436.0,60525.0,638.0,3159.0,569.0,5536.0,935.0,2586.0,108252.0,11743.0,6387.0,4822.0,27140.0,24556.0,153.0,2383.0,48.0,6403.0,161.0,60960.0,942.0,64373.0,2465.0,7113.0,35068.0,9610.0,25389.0,8375.0,148.0,167.0
India,Chhattisgarh,22,Janjgir-Champa,379,2011,343006.0,149794.0,1485.0,4946.0,3412.0,13963.0,695.0,2078.0,312604.0,20051.0,9892.0,12380.0,30882.0,28100.0,131.0,2533.0,118.0,13287.0,302.0,111849.0,1226.0,229629.0,3526.0,5078.0,86330.0,19059.0,72187.0,7044.0,622.0,930.0
India,Chhattisgarh,22,Jashpur,380,2011,184116.0,42705.0,1744.0,3815.0,693.0,10019.0,301.0,436.0,169235.0,9575.0,5146.0,8231.0,14122.0,12411.0,55.0,1566.0,90.0,5147.0,212.0,31515.0,784.0,151605.0,1333.0,1989.0,123494.0,4192.0,7128.0,3128.0,226.0,205.0
India,Chhattisgarh,22,Uttar Bastar Kanker,381,2011,145946.0,32524.0,1177.0,4991.0,231.0,10597.0,238.0,310.0,131176.0,7728.0,7042.0,9324.0,17209.0,15845.0,70.0,1220.0,74.0,5583.0,1137.0,40156.0,1436.0,103217.0,1652.0,2611.0,93945.0,8086.0,11595.0,6472.0,276.0,134.0
India,Chhattisgarh,22,Kabeerdham,382,2011,132735.0,60479.0,471.0,569.0,628.0,3854.0,204.0,90.0,118297.0,10887.0,3422.0,2894.0,13177.0,11670.0,65.0,1372.0,70.0,2315.0,106.0,38283.0,440.0,93906.0,2270.0,4159.0,52827.0,18637.0,8246.0,8839.0,137.0,201.0
India,Chhattisgarh,22,Korba,383,2011,188215.0,88259.0,1016.0,6790.0,846.0,9669.0,1603.0,2229.0,171785.0,8187.0,8095.0,8222.0,17283.0,15928.0,102.0,1140.0,113.0,6504.0,173.0,38473.0,624.0,148945.0,965.0,1263.0,72520.0,4236.0,10048.0,2042.0,264.0,202.0
India,Chhattisgarh,22,Korea,384,2011,110729.0,37348.0,1384.0,4079.0,447.0,7488.0,337.0,223.0,99829.0,5114.0,5401.0,6660.0,10719.0,9564.0,58.0,926.0,171.0,5613.0,80.0,25544.0,514.0,84591.0,917.0,1783.0,57115.0,7110.0,5935.0,2871.0,318.0,238.0
India,Chhattisgarh,22,Mahasamund,385,2011,244772.0,113756.0,973.0,2567.0,1899.0,8251.0,466.0,773.0,225491.0,13284.0,5811.0,6855.0,26182.0,23570.0,67.0,2423.0,122.0,7064.0,190.0,64495.0,742.0,179345.0,5275.0,5388.0,90739.0,10617.0,15867.0,11659.0,366.0,294.0
India,Chhattisgarh,22,Raigarh,386,2011,317906.0,136758.0,994.0,5916.0,2743.0,14740.0,614.0,3958.0,288521.0,18138.0,10584.0,12085.0,43228.0,38939.0,162.0,3831.0,296.0,11685.0,602.0,94720.0,1984.0,220600.0,3810.0,8634.0,131721.0,13149.0,23826.0,10670.0,581.0,419.0
India,Chhattisgarh,22,Raipur,387,2011,181025.0,96948.0,822.0,3252.0,1382.0,6728.0,1396.0,6028.0,159094.0,14983.0,6948.0,6002.0,34361.0,31409.0,160.0,2746.0,46.0,8814.0,128.0,82711.0,834.0,97352.0,2623.0,3656.0,36850.0,10128.0,34218.0,5544.0,287.0,219.0
India,Chhattisgarh,22,Rajnandgaon,388,2011,265771.0,73892.0,1410.0,3502.0,1113.0,10979.0,742.0,1857.0,238551.0,19218.0,7613.0,9176.0,30713.0,27425.0,137.0,3061.0,90.0,7668.0,1165.0,92789.0,2157.0,169660.0,4268.0,8873.0,162038.0,20271.0,23994.0,14200.0,203.0,212.0
India,Chhattisgarh,22,Surguja,389,2011,165025.0,42079.0,622.0,2651.0,931.0,7296.0,161.0,180.0,152493.0,8060.0,4349.0,6341.0,13001.0,11632.0,76.0,1220.0,73.0,2734.0,91.0,32186.0,522.0,132226.0,1371.0,2757.0,102060.0,15692.0,12958.0,3742.0,264.0,186.0
India,Chhattisgarh,22,Bijapur,636,2011,49523.0,7490.0,171.0,421.0,6.0,2108.0,74.0,110.0,46135.0,1903.0,1433.0,1553.0,3418.0,3139.0,18.0,196.0,65.0,869.0,125.0,3678.0,331.0,45389.0,240.0,217.0,28361.0,2151.0,6972.0,213.0,23.0,31.0
India,Chhattisgarh,22,Narayanpur,637,2011,17324.0,1712.0,81.0,126.0,4.0,882.0,10.0,103.0,16091.0,903.0,330.0,773.0,804.0,633.0,3.0,154.0,14.0,629.0,7.0,1702.0,33.0,15582.0,69.0,81.0,13612.0,524.0,740.0,108.0,2.0,4.0
India,Chhattisgarh,22,Sukma,642,2011,54071.0,5964.0,226.0,371.0,30.0,1395.0,27.0,29.0,52225.0,1156.0,687.0,1065.0,5587.0,5201.0,30.0,141.0,215.0,897.0,176.0,4679.0,222.0,48994.0,146.0,239.0,26799.0,1402.0,2407.0,111.0,35.0,76.0
India,Chhattisgarh,22,Kondagaon,643,2011,110488.0,13751.0,795.0,2761.0,134.0,5099.0,172.0,153.0,103368.0,5038.0,2046.0,4181.0,8491.0,7586.0,40.0,813.0,52.0,3568.0,82.0,17515.0,343.0,92548.0,968.0,1028.0,85187.0,3549.0,5866.0,2567.0,134.0,84.0
India,Chhattisgarh,22,Balodabazar-Bhatapara,644,2011,261235.0,97038.0,1600.0,3390.0,1736.0,7918.0,684.0,2532.0,236767.0,16978.0,7490.0,6736.0,23723.0,20416.0,57.0,3011.0,239.0,8194.0,237.0,90285.0,1213.0,169500.0,2898.0,5613.0,114753.0,8544.0,36853.0,7269.0,329.0,247.0
India,Chhattisgarh,22,Gariyaband,645,2011,141996.0,71938.0,570.0,936.0,958.0,4848.0,274.0,133.0,133832.0,5698.0,2466.0,3983.0,10276.0,9350.0,38.0,815.0,73.0,3518.0,212.0,24036.0,506.0,117242.0,1037.0,1619.0,46182.0,5284.0,14946.0,4264.0,197.0,128.0
India,Chhattisgarh,22,Balod,646,2011,152116.0,39152.0,1045.0,3672.0,506.0,9808.0,606.0,438.0,129959.0,14135.0,7948.0,8658.0,27417.0,25019.0,71.0,2292.0,35.0,6233.0,448.0,70354.0,1292.0,80022.0,2641.0,6805.0,71253.0,14755.0,37662.0,9621.0,160.0,108.0
India,Chhattisgarh,22,Mungeli,647,2011,147551.0,77230.0,665.0,986.0,718.0,4074.0,118.0,244.0,136543.0,8466.0,2542.0,3138.0,9853.0,8794.0,50.0,915.0,94.0,2468.0,195.0,39940.0,519.0,106897.0,1254.0,2904.0,39160.0,13831.0,17891.0,4506.0,187.0,234.0
India,Chhattisgarh,22,Surajpur,648,2011,162311.0,37661.0,2121.0,6854.0,1065.0,9795.0,1568.0,522.0,147333.0,6291.0,8190.0,8525.0,17114.0,15201.0,63.0,1766.0,84.0,5790.0,104.0,37581.0,673.0,123953.0,1343.0,3356.0,100011.0,6869.0,9490.0,7302.0,673.0,211.0
India,Chhattisgarh,22,Balrampur Ramanujganj,649,2011,160326.0,42604.0,761.0,1343.0,1079.0,5804.0,227.0,239.0,150190.0,6969.0,2902.0,4887.0,10387.0,8969.0,124.0,1181.0,113.0,3857.0,154.0,31132.0,598.0,128442.0,1594.0,1786.0,95299.0,12596.0,13146.0,5801.0,463.0,284.0
India,Chhattisgarh,22,Bemetara,650,2011,146246.0,57471.0,485.0,1372.0,630.0,4212.0,175.0,317.0,129620.0,12370.0,4188.0,3329.0,20032.0,17060.0,54.0,2680.0,238.0,4496.0,227.0,66188.0,736.0,79095.0,3126.0,9426.0,66747.0,21649.0,12385.0,12495.0,186.0,482.0
India,Madhya Pradesh,23,Anuppur,390,2011,141327.0,39131.0,3217.0,12979.0,623.0,10757.0,4418.0,997.0,116962.0,10160.0,14205.0,9601.0,20036.0,17888.0,273.0,1689.0,186.0,9980.0,256.0,45016.0,1323.0,94732.0,1793.0,5420.0,78449.0,13263.0,8571.0,4583.0,362.0,425.0
India,Madhya Pradesh,23,Ashoknagar,391,2011,134694.0,55874.0,1907.0,1800.0,556.0,2389.0,305.0,1820.0,115561.0,14148.0,4985.0,1910.0,21593.0,14959.0,261.0,6187.0,186.0,4953.0,194.0,70328.0,1182.0,62990.0,13171.0,12657.0,54684.0,38727.0,18433.0,23670.0,492.0,399.0
India,Madhya Pradesh,23,Balaghat,392,2011,353594.0,165623.0,1987.0,5795.0,660.0,12408.0,1501.0,1175.0,319852.0,23419.0,10323.0,10067.0,47313.0,41245.0,282.0,5420.0,366.0,8614.0,860.0,125724.0,3172.0,223838.0,3721.0,9847.0,113487.0,31586.0,41343.0,13153.0,501.0,616.0
India,Madhya Pradesh,23,Barwani,393,2011,200959.0,92095.0,1114.0,1819.0,309.0,4167.0,286.0,2965.0,181125.0,15302.0,4532.0,3000.0,27031.0,24694.0,165.0,1730.0,442.0,5053.0,662.0,85100.0,1046.0,114151.0,3170.0,5855.0,79509.0,42783.0,17797.0,23864.0,468.0,489.0
India,Madhya Pradesh,23,Betul,394,2011,268513.0,117148.0,1975.0,6097.0,581.0,11965.0,686.0,1516.0,239881.0,19226.0,9406.0,9606.0,36297.0,32303.0,169.0,3709.0,116.0,10183.0,929.0,93276.0,2918.0,171390.0,7349.0,12886.0,109970.0,60849.0,24124.0,49283.0,1347.0,383.0
India,Madhya Pradesh,23,Bhind,395,2011,196354.0,54290.0,4999.0,7474.0,567.0,9770.0,1025.0,3266.0,121858.0,46554.0,27942.0,7877.0,70828.0,57281.0,3068.0,4945.0,5534.0,11176.0,2484.0,148238.0,2793.0,42839.0,11263.0,9070.0,60035.0,62181.0,39393.0,16368.0,3820.0,3825.0
India,Madhya Pradesh,23,Bhopal,396,2011,81343.0,43915.0,686.0,800.0,408.0,2111.0,279.0,1377.0,68635.0,9225.0,3483.0,1729.0,20237.0,17339.0,210.0,2465.0,223.0,2430.0,461.0,46655.0,754.0,33473.0,6141.0,7018.0,21966.0,20471.0,7482.0,14469.0,267.0,289.0
India,Madhya Pradesh,23,Burhanpur,397,2011,96835.0,62244.0,927.0,1063.0,314.0,2078.0,405.0,901.0,80095.0,11849.0,4891.0,1627.0,13498.0,12004.0,146.0,1254.0,94.0,4649.0,155.0,43718.0,1209.0,51753.0,1847.0,5943.0,21781.0,12130.0,5627.0,9361.0,213.0,316.0
India,Madhya Pradesh,23,Chhatarpur,398,2011,286256.0,101899.0,2245.0,3387.0,1889.0,6800.0,532.0,994.0,241231.0,35025.0,10000.0,5466.0,34885.0,26055.0,774.0,7626.0,430.0,10384.0,284.0,150935.0,1508.0,133529.0,11635.0,13634.0,103320.0,94493.0,41301.0,65404.0,1657.0,573.0
India,Madhya Pradesh,23,Chhindwara,399,2011,326112.0,138736.0,2686.0,9215.0,767.0,13536.0,3640.0,3576.0,275144.0,33818.0,17150.0,10906.0,48525.0,40923.0,423.0,6632.0,547.0,16319.0,1025.0,124845.0,3851.0,196391.0,7587.0,15117.0,136710.0,68116.0,36215.0,52140.0,1117.0,758.0
India,Madhya Pradesh,23,Damoh,400,2011,250329.0,142765.0,1414.0,2863.0,989.0,5621.0,500.0,1442.0,225178.0,17917.0,7234.0,4412.0,20880.0,17138.0,178.0,2893.0,671.0,4887.0,281.0,105968.0,1653.0,142427.0,7349.0,12692.0,67466.0,46632.0,22892.0,23804.0,580.0,684.0
India,Madhya Pradesh,23,Datia,401,2011,131516.0,33520.0,803.0,2116.0,520.0,4402.0,229.0,266.0,97667.0,22862.0,10987.0,3874.0,24644.0,19401.0,275.0,4856.0,112.0,7369.0,218.0,88122.0,1217.0,41959.0,10258.0,15517.0,33967.0,64471.0,36882.0,30465.0,855.0,289.0
India,Madhya Pradesh,23,Dewas,402,2011,213567.0,98582.0,1566.0,2805.0,712.0,4194.0,631.0,2051.0,173653.0,29392.0,10522.0,3440.0,54154.0,47107.0,353.0,6128.0,566.0,6643.0,360.0,128573.0,1776.0,82858.0,13096.0,30357.0,66938.0,69653.0,20531.0,54194.0,1209.0,1056.0
India,Madhya Pradesh,23,Dhar,403,2011,333597.0,143815.0,2092.0,4053.0,1217.0,8930.0,1290.0,5194.0,274943.0,42574.0,16027.0,6960.0,65009.0,57478.0,250.0,6922.0,359.0,17655.0,686.0,156326.0,2911.0,173674.0,12005.0,23667.0,132702.0,97568.0,41623.0,59787.0,1023.0,904.0
India,Madhya Pradesh,23,Dindori,404,2011,161848.0,63129.0,926.0,2880.0,544.0,6317.0,613.0,212.0,147094.0,10204.0,4550.0,4637.0,10567.0,8490.0,142.0,1580.0,355.0,4175.0,116.0,29602.0,707.0,131423.0,1165.0,1907.0,74763.0,19112.0,12451.0,2674.0,656.0,314.0
India,Madhya Pradesh,23,Khandwa (East Nimar),405,2011,211359.0,117200.0,1267.0,2167.0,858.0,4470.0,479.0,2706.0,183263.0,20812.0,7284.0,3381.0,49607.0,47481.0,225.0,1573.0,328.0,5489.0,791.0,82842.0,1193.0,126533.0,5549.0,16825.0,56854.0,45934.0,16831.0,36191.0,1217.0,1013.0
India,Madhya Pradesh,23,Guna,406,2011,190483.0,84663.0,2024.0,1753.0,830.0,4008.0,453.0,1171.0,158782.0,23265.0,8436.0,3116.0,33719.0,25241.0,271.0,8022.0,185.0,6580.0,312.0,95344.0,1827.0,93000.0,13483.0,16370.0,62385.0,63016.0,25417.0,44336.0,1135.0,881.0
India,Madhya Pradesh,23,Gwalior,407,2011,122015.0,52095.0,757.0,2099.0,303.0,3437.0,352.0,796.0,87669.0,24779.0,9567.0,3088.0,28133.0,22353.0,338.0,5272.0,170.0,7923.0,195.0,87142.0,1011.0,33667.0,10137.0,10027.0,31112.0,46561.0,23887.0,22074.0,1060.0,569.0
India,Madhya Pradesh,23,Harda,408,2011,83768.0,41679.0,319.0,1648.0,418.0,2038.0,250.0,1165.0,62888.0,11743.0,9137.0,1518.0,23093.0,19172.0,85.0,3629.0,207.0,6426.0,127.0,46244.0,443.0,36954.0,8202.0,18275.0,13524.0,28574.0,9021.0,21253.0,483.0,387.0
India,Madhya Pradesh,23,Narmadapuram,409,2011,173717.0,90001.0,974.0,4830.0,909.0,8969.0,508.0,1697.0,130328.0,25830.0,17559.0,7806.0,42049.0,36104.0,293.0,5352.0,300.0,10926.0,239.0,94144.0,1341.0,77993.0,14076.0,29524.0,21641.0,52264.0,15258.0,29623.0,880.0,593.0
India,Madhya Pradesh,23,Indore,410,2011,145564.0,75891.0,1248.0,3336.0,613.0,4847.0,2180.0,5871.0,105524.0,27137.0,12899.0,4230.0,59107.0,50374.0,411.0,8212.0,110.0,14136.0,226.0,103590.0,1985.0,39755.0,9939.0,18288.0,34557.0,41648.0,13250.0,29366.0,567.0,575.0
India,Madhya Pradesh,23,Jabalpur,411,2011,232505.0,141639.0,1546.0,5031.0,808.0,9106.0,1681.0,2088.0,199538.0,22563.0,10404.0,7416.0,31332.0,24324.0,528.0,5790.0,690.0,10188.0,362.0,92852.0,1938.0,137353.0,7712.0,12919.0,53294.0,35234.0,17409.0,20380.0,480.0,571.0
India,Madhya Pradesh,23,Jhabua,412,2011,186880.0,34740.0,685.0,2853.0,345.0,4994.0,249.0,295.0,170074.0,12675.0,4111.0,3766.0,15704.0,13724.0,143.0,1390.0,447.0,5285.0,259.0,68673.0,814.0,117134.0,2743.0,8801.0,118056.0,47087.0,26643.0,16535.0,556.0,584.0
India,Madhya Pradesh,23,Katni,413,2011,235767.0,111154.0,1594.0,4376.0,1135.0,8792.0,1411.0,2768.0,211040.0,17174.0,7553.0,7257.0,20811.0,18714.0,164.0,1803.0,130.0,5575.0,188.0,88288.0,895.0,146396.0,5034.0,5968.0,86395.0,45075.0,20600.0,20829.0,448.0,332.0
India,Madhya Pradesh,23,Khargone (West Nimar),414,2011,321996.0,184846.0,1348.0,3800.0,1932.0,8703.0,1736.0,4722.0,272088.0,35912.0,13996.0,7069.0,51420.0,47443.0,256.0,2758.0,963.0,10749.0,355.0,135723.0,2366.0,183552.0,5711.0,32975.0,81228.0,63054.0,21588.0,48383.0,682.0,735.0
India,Madhya Pradesh,23,Mandla,415,2011,221996.0,96437.0,2049.0,4105.0,593.0,9898.0,945.0,417.0,204205.0,11573.0,6218.0,7717.0,17977.0,15043.0,185.0,2259.0,490.0,5559.0,247.0,41985.0,979.0,178785.0,1802.0,3946.0,94998.0,26141.0,15482.0,4459.0,283.0,364.0
India,Madhya Pradesh,23,Mandsaur,416,2011,232520.0,89696.0,990.0,2697.0,697.0,6313.0,653.0,1533.0,203523.0,21652.0,7345.0,5077.0,52531.0,46357.0,201.0,5689.0,284.0,9880.0,709.0,152093.0,3934.0,75784.0,8755.0,24402.0,75782.0,102471.0,26185.0,84391.0,727.0,468.0
India,Madhya Pradesh,23,Morena,417,2011,273276.0,85709.0,5044.0,6729.0,1064.0,11386.0,1653.0,2076.0,193479.0,57995.0,21802.0,10314.0,65699.0,56365.0,925.0,7670.0,739.0,8733.0,1048.0,191427.0,2717.0,78084.0,15322.0,11436.0,74060.0,138363.0,52168.0,43159.0,1768.0,1695.0
India,Madhya Pradesh,23,Narsimhapur,418,2011,208244.0,122437.0,799.0,2353.0,1112.0,6303.0,530.0,868.0,176481.0,21942.0,9821.0,5076.0,29447.0,24557.0,239.0,4459.0,192.0,6656.0,554.0,74460.0,3098.0,130132.0,11036.0,19944.0,39063.0,42980.0,15231.0,33754.0,415.0,480.0
India,Madhya Pradesh,23,Neemuch,419,2011,125436.0,49892.0,509.0,2388.0,278.0,3670.0,247.0,1784.0,107444.0,13011.0,4981.0,2838.0,35092.0,31631.0,76.0,3346.0,39.0,4760.0,423.0,82244.0,1855.0,40914.0,5783.0,12000.0,37413.0,54617.0,10765.0,43378.0,583.0,164.0
India,Madhya Pradesh,23,Panna,420,2011,207410.0,90569.0,1534.0,3554.0,820.0,7104.0,317.0,533.0,186461.0,14974.0,5975.0,5436.0,17358.0,14280.0,140.0,2767.0,171.0,5694.0,154.0,79786.0,1310.0,126160.0,4439.0,6955.0,90772.0,31442.0,23372.0,13367.0,519.0,397.0
India,Madhya Pradesh,23,Raisen,421,2011,209225.0,111037.0,1008.0,1650.0,1162.0,5500.0,652.0,722.0,171671.0,25364.0,12190.0,4218.0,38162.0,30780.0,280.0,6853.0,249.0,7328.0,241.0,108849.0,1316.0,98819.0,15401.0,26623.0,53411.0,46267.0,18582.0,33628.0,819.0,808.0
India,Madhya Pradesh,23,Rajgarh,422,2011,312191.0,143739.0,1257.0,2587.0,2977.0,6786.0,520.0,784.0,286465.0,18956.0,6770.0,4721.0,30379.0,25192.0,263.0,3931.0,993.0,6848.0,403.0,106699.0,1788.0,203301.0,10064.0,24818.0,115952.0,104314.0,47819.0,57565.0,1392.0,849.0
India,Madhya Pradesh,23,Ratlam,423,2011,218774.0,79528.0,789.0,3806.0,754.0,5558.0,347.0,770.0,190581.0,22272.0,5921.0,4176.0,38889.0,34589.0,147.0,4040.0,113.0,5984.0,334.0,108778.0,1758.0,107904.0,7454.0,25700.0,102142.0,69086.0,20250.0,46168.0,576.0,392.0
India,Madhya Pradesh,23,Rewa,424,2011,451923.0,211475.0,6318.0,18084.0,5377.0,38536.0,7146.0,8084.0,319833.0,82577.0,49512.0,35121.0,75325.0,61503.0,1990.0,9941.0,1891.0,22871.0,1859.0,241939.0,13701.0,194415.0,23481.0,13868.0,140540.0,89994.0,51255.0,54689.0,3213.0,1555.0
India,Madhya Pradesh,23,Sagar,425,2011,384591.0,198597.0,1937.0,3842.0,1894.0,8903.0,2303.0,2160.0,341575.0,31607.0,11409.0,7050.0,42672.0,32814.0,301.0,9003.0,554.0,9221.0,421.0,166671.0,2418.0,215081.0,19670.0,26611.0,114807.0,80139.0,27429.0,58855.0,955.0,822.0
India,Madhya Pradesh,23,Satna,426,2011,390439.0,213855.0,4184.0,9953.0,2460.0,18937.0,3874.0,5233.0,320929.0,46015.0,23495.0,16649.0,47655.0,35974.0,617.0,10546.0,518.0,14905.0,709.0,198572.0,4785.0,186373.0,16034.0,15481.0,107767.0,71225.0,35941.0,41306.0,1325.0,1035.0
India,Madhya Pradesh,23,Sehore,427,2011,217050.0,100528.0,1600.0,2186.0,1390.0,5760.0,601.0,1423.0,176826.0,29127.0,11097.0,4739.0,46330.0,38831.0,240.0,7051.0,208.0,8368.0,887.0,107280.0,2656.0,106227.0,16950.0,31206.0,69286.0,66803.0,26606.0,50738.0,704.0,601.0
India,Madhya Pradesh,23,Seoni,428,2011,292703.0,153286.0,1113.0,4492.0,890.0,11180.0,503.0,524.0,259038.0,22921.0,10744.0,8606.0,40249.0,31190.0,336.0,7266.0,1457.0,8807.0,670.0,90592.0,2688.0,198753.0,5563.0,8045.0,91137.0,37281.0,20408.0,21116.0,550.0,490.0
India,Madhya Pradesh,23,Shahdol,429,2011,216750.0,85066.0,1782.0,6758.0,2452.0,10493.0,1160.0,2734.0,191991.0,15280.0,9479.0,8766.0,21165.0,18563.0,143.0,1988.0,471.0,8454.0,205.0,57096.0,1396.0,158053.0,3305.0,4072.0,103365.0,25463.0,17348.0,9172.0,642.0,451.0
India,Madhya Pradesh,23,Shajapur,430,2011,147913.0,63809.0,1211.0,2098.0,1123.0,3828.0,1478.0,2213.0,116873.0,21234.0,9806.0,3183.0,32786.0,25721.0,532.0,5944.0,589.0,5437.0,607.0,98974.0,1693.0,46639.0,11574.0,21323.0,54712.0,50200.0,16889.0,37958.0,1147.0,747.0
India,Madhya Pradesh,23,Sheopur,431,2011,127875.0,64289.0,872.0,826.0,535.0,2667.0,111.0,523.0,105757.0,15684.0,6434.0,2099.0,16965.0,12394.0,114.0,4267.0,190.0,3820.0,113.0,59262.0,690.0,67810.0,6732.0,7992.0,29065.0,36402.0,16306.0,16209.0,567.0,506.0
India,Madhya Pradesh,23,Shivpuri,432,2011,278359.0,95929.0,1694.0,2595.0,961.0,5667.0,323.0,836.0,233175.0,32473.0,12711.0,4409.0,53651.0,46728.0,625.0,5456.0,842.0,8325.0,907.0,145229.0,2318.0,129905.0,15315.0,13301.0,96336.0,111325.0,46548.0,67755.0,3274.0,1009.0
India,Madhya Pradesh,23,Sidhi,433,2011,228964.0,104994.0,2641.0,5384.0,3458.0,12088.0,1648.0,2139.0,184067.0,30600.0,14297.0,10629.0,27532.0,22895.0,458.0,3273.0,906.0,8239.0,423.0,97171.0,2856.0,128514.0,6862.0,5291.0,80809.0,37908.0,24769.0,18224.0,1446.0,906.0
India,Madhya Pradesh,23,Tikamgarh,434,2011,261692.0,100628.0,2299.0,4021.0,1502.0,7628.0,682.0,722.0,216146.0,34647.0,10899.0,6600.0,33194.0,27850.0,465.0,4260.0,619.0,9829.0,366.0,130722.0,2151.0,128453.0,12961.0,9940.0,75491.0,116951.0,46540.0,73696.0,2091.0,726.0
India,Madhya Pradesh,23,Ujjain,435,2011,239825.0,104561.0,1211.0,3322.0,1055.0,4889.0,2497.0,2572.0,187763.0,36746.0,15316.0,3974.0,61118.0,52680.0,491.0,7676.0,271.0,8409.0,639.0,160424.0,2681.0,76081.0,16753.0,39293.0,80874.0,87658.0,26079.0,61728.0,1235.0,959.0
India,Madhya Pradesh,23,Umaria,436,2011,119053.0,46295.0,1076.0,4390.0,635.0,5925.0,1124.0,753.0,105108.0,7627.0,6318.0,5085.0,14040.0,11798.0,176.0,1673.0,393.0,4325.0,178.0,35511.0,1347.0,82017.0,2673.0,2484.0,53435.0,27405.0,16507.0,8614.0,554.0,402.0
India,Madhya Pradesh,23,Vidisha,437,2011,237607.0,122234.0,1337.0,2027.0,1550.0,5039.0,597.0,760.0,195724.0,28635.0,13248.0,3619.0,41254.0,29876.0,303.0,10603.0,472.0,8089.0,417.0,117115.0,2040.0,118035.0,21222.0,26633.0,74773.0,58373.0,24310.0,36030.0,900.0,820.0
India,Madhya Pradesh,23,Singrauli,638,2011,197623.0,91341.0,2338.0,2580.0,3807.0,5117.0,1019.0,2062.0,170744.0,19732.0,7147.0,4225.0,24905.0,20971.0,351.0,3183.0,400.0,5992.0,318.0,67850.0,1565.0,127890.0,5220.0,3193.0,67478.0,32297.0,20833.0,19522.0,1976.0,542.0
India,Madhya Pradesh,23,Alirajpur,639,2011,126529.0,11566.0,612.0,1030.0,147.0,2903.0,99.0,321.0,118037.0,5935.0,2557.0,2104.0,12465.0,11590.0,106.0,533.0,236.0,3863.0,229.0,33700.0,610.0,91990.0,1610.0,1488.0,80477.0,29102.0,14789.0,10123.0,560.0,318.0
India,Madhya Pradesh,23,Agar-Malwa,667,2011,90290.0,33513.0,482.0,582.0,389.0,1303.0,63.0,281.0,76306.0,10834.0,3150.0,978.0,16396.0,13842.0,262.0,2070.0,222.0,2059.0,216.0,61077.0,1171.0,27826.0,3484.0,10982.0,36052.0,42013.0,14099.0,28236.0,571.0,303.0
India,Gujarat,24,Ahmadabad,438,2011,440855.0,211762.0,22130.0,38954.0,1805.0,9393.0,9746.0,58748.0,289630.0,105801.0,45424.0,8595.0,167806.0,132242.0,9647.0,25438.0,479.0,81495.0,4372.0,355901.0,8391.0,72191.0,39753.0,4921.0,83822.0,85781.0,48578.0,40863.0,20066.0,1373.0
India,Gujarat,24,Amreli,439,2011,243383.0,100858.0,14191.0,9665.0,1299.0,7333.0,691.0,2570.0,137903.0,72142.0,33338.0,6664.0,110937.0,98985.0,3460.0,8259.0,233.0,62952.0,1535.0,205700.0,7485.0,28663.0,34412.0,12244.0,87216.0,55241.0,30997.0,57628.0,777.0,638.0
India,Gujarat,24,Anand,440,2011,312769.0,149209.0,25478.0,10907.0,544.0,8460.0,4743.0,16071.0,229166.0,60728.0,22875.0,7360.0,75678.0,64796.0,2818.0,7080.0,984.0,44519.0,3170.0,190943.0,13785.0,104871.0,20073.0,4393.0,62646.0,95516.0,39670.0,12466.0,3075.0,1293.0
India,Gujarat,24,Banas Kantha,441,2011,518267.0,156124.0,42085.0,15725.0,3116.0,17721.0,3108.0,7834.0,354882.0,113223.0,50162.0,16141.0,87120.0,48103.0,2535.0,35128.0,1354.0,39827.0,1912.0,409782.0,8019.0,98554.0,50336.0,10804.0,190376.0,232220.0,89064.0,110033.0,3759.0,907.0
India,Gujarat,24,Bharuch,442,2011,228924.0,114499.0,16916.0,15435.0,426.0,6791.0,4393.0,27292.0,147812.0,53820.0,27270.0,6348.0,69867.0,57355.0,3115.0,8749.0,648.0,61953.0,2735.0,147263.0,11578.0,67348.0,10778.0,2653.0,40423.0,20548.0,16049.0,9204.0,1137.0,1190.0
India,Gujarat,24,Bhavnagar,443,2011,245427.0,95499.0,22542.0,15759.0,1181.0,5445.0,1899.0,3206.0,130312.0,77595.0,37520.0,3688.0,133565.0,115610.0,7917.0,4594.0,5444.0,34361.0,11708.0,191516.0,6083.0,36120.0,31082.0,17283.0,40863.0,29197.0,19334.0,33339.0,13602.0,12198.0
India,Gujarat,24,Dang,444,2011,44869.0,12946.0,1699.0,997.0,35.0,1613.0,74.0,214.0,37316.0,4685.0,2868.0,1420.0,4362.0,3225.0,50.0,1050.0,37.0,1588.0,178.0,11072.0,504.0,33115.0,902.0,221.0,21397.0,9646.0,3890.0,2149.0,474.0,73.0
India,Gujarat,24,Dohad,445,2011,337849.0,16831.0,21414.0,12838.0,299.0,14086.0,681.0,1890.0,278370.0,43525.0,15954.0,13017.0,37018.0,32829.0,984.0,2915.0,290.0,14097.0,1644.0,227975.0,2760.0,105470.0,6631.0,3021.0,265400.0,165983.0,71273.0,24746.0,642.0,509.0
India,Gujarat,24,Gandhinagar,446,2011,510380.0,225495.0,34216.0,46846.0,2060.0,31066.0,13014.0,60096.0,337600.0,109261.0,63519.0,28529.0,224726.0,172159.0,11460.0,40877.0,230.0,155780.0,2249.0,400799.0,18085.0,89247.0,30922.0,5150.0,101014.0,123378.0,51461.0,20331.0,3939.0,1594.0
India,Gujarat,24,Jamnagar,447,2011,119682.0,43284.0,17238.0,4512.0,566.0,2838.0,466.0,1542.0,68755.0,38314.0,12613.0,2469.0,64136.0,59012.0,1762.0,3280.0,82.0,27776.0,867.0,101074.0,3424.0,14317.0,23759.0,14316.0,40047.0,43001.0,19499.0,42579.0,1327.0,536.0
India,Gujarat,24,Junagadh,448,2011,186867.0,67945.0,7505.0,5041.0,1169.0,5283.0,548.0,1134.0,118496.0,47051.0,21320.0,4777.0,87578.0,80749.0,3226.0,3358.0,245.0,42519.0,1028.0,158167.0,4180.0,23492.0,20961.0,7399.0,68397.0,76391.0,23100.0,64464.0,892.0,386.0
India,Gujarat,24,Kachchh,449,2011,275000.0,131394.0,18187.0,14147.0,1206.0,7680.0,3541.0,21179.0,166363.0,80964.0,27673.0,7040.0,92141.0,76101.0,3798.0,11431.0,811.0,52889.0,1580.0,233792.0,5499.0,34129.0,19637.0,2441.0,55260.0,28287.0,15166.0,17820.0,2062.0,784.0
India,Gujarat,24,Kheda,450,2011,332510.0,144686.0,11751.0,8312.0,856.0,10324.0,2331.0,7678.0,266182.0,46780.0,19548.0,9421.0,53420.0,45888.0,2258.0,5106.0,168.0,31118.0,1756.0,181569.0,8182.0,141003.0,11124.0,2881.0,80891.0,100061.0,38120.0,12850.0,1529.0,867.0
India,Gujarat,24,Mahesana,451,2011,384368.0,150613.0,23982.0,19327.0,1325.0,19347.0,5258.0,21823.0,272994.0,74295.0,37079.0,18078.0,99149.0,81643.0,3692.0,13661.0,153.0,100716.0,3564.0,283353.0,13774.0,83677.0,19715.0,4516.0,91077.0,145593.0,46840.0,30182.0,1233.0,864.0
India,Gujarat,24,Narmada,452,2011,112093.0,62208.0,5275.0,3722.0,150.0,4856.0,215.0,1017.0,92262.0,13418.0,6413.0,4379.0,12897.0,11539.0,211.0,1066.0,81.0,6736.0,415.0,35919.0,1082.0,74677.0,2381.0,561.0,31598.0,11235.0,6359.0,4179.0,404.0,149.0
India,Gujarat,24,Navsari,453,2011,220329.0,77351.0,16681.0,14098.0,540.0,10962.0,5301.0,24488.0,163455.0,35619.0,21255.0,10291.0,87127.0,74781.0,1877.0,10150.0,319.0,53099.0,2559.0,137304.0,10516.0,69950.0,6646.0,3579.0,74956.0,50340.0,27642.0,15008.0,1023.0,391.0
India,Gujarat,24,Panch Mahals,454,2011,273124.0,52841.0,24690.0,9735.0,350.0,10842.0,1363.0,7583.0,221834.0,37412.0,13878.0,9856.0,43275.0,38703.0,1271.0,2905.0,396.0,14038.0,900.0,160488.0,2900.0,108836.0,10654.0,2336.0,153788.0,113559.0,45808.0,24753.0,1530.0,341.0
India,Gujarat,24,Patan,455,2011,214617.0,99941.0,12532.0,5844.0,805.0,6147.0,999.0,3195.0,160940.0,37391.0,16286.0,5688.0,30158.0,22371.0,1265.0,6489.0,33.0,20835.0,1038.0,163268.0,3775.0,46536.0,11860.0,2889.0,62714.0,60939.0,23456.0,10638.0,837.0,607.0
India,Gujarat,24,Porbandar,456,2011,63747.0,25245.0,7206.0,2459.0,522.0,1599.0,117.0,601.0,39266.0,17635.0,6846.0,1456.0,22816.0,19675.0,1244.0,1462.0,435.0,6722.0,311.0,50893.0,1270.0,11273.0,7680.0,1973.0,20198.0,17878.0,6186.0,15448.0,611.0,135.0
India,Gujarat,24,Rajkot,457,2011,265412.0,97524.0,32665.0,13198.0,1394.0,6265.0,4450.0,10825.0,131654.0,95869.0,37889.0,5838.0,159852.0,144973.0,5470.0,9262.0,147.0,91691.0,2345.0,228326.0,7361.0,27380.0,55981.0,19393.0,88772.0,82381.0,39942.0,87916.0,2071.0,957.0
India,Gujarat,24,Sabar Kantha,458,2011,248742.0,73013.0,17151.0,12503.0,800.0,15714.0,3186.0,7063.0,175310.0,46151.0,27281.0,14589.0,71367.0,58826.0,1517.0,10904.0,120.0,48204.0,1618.0,164808.0,14396.0,67920.0,26154.0,8878.0,101275.0,108840.0,48064.0,54360.0,2756.0,949.0
India,Gujarat,24,Surat,459,2011,297484.0,127646.0,25704.0,15847.0,566.0,9032.0,6435.0,50364.0,187410.0,73260.0,36812.0,8002.0,110508.0,90889.0,3119.0,15262.0,1238.0,81681.0,3811.0,186197.0,13458.0,94018.0,18807.0,6892.0,47783.0,45218.0,21929.0,21021.0,2186.0,1432.0
India,Gujarat,24,Surendranagar,460,2011,214633.0,96430.0,9502.0,4753.0,1112.0,5333.0,801.0,3317.0,144212.0,50570.0,19851.0,4597.0,69995.0,58942.0,3890.0,6735.0,428.0,24715.0,2502.0,179404.0,2927.0,29800.0,19447.0,5176.0,66895.0,38372.0,26753.0,33232.0,2065.0,1357.0
India,Gujarat,24,Vadodara,461,2011,377757.0,133028.0,20017.0,9486.0,1745.0,5329.0,8094.0,41596.0,170170.0,74834.0,128753.0,4606.0,148343.0,99691.0,7818.0,39989.0,845.0,95524.0,4458.0,283451.0,10121.0,79727.0,18447.0,14612.0,65188.0,64457.0,32235.0,114622.0,93965.0,6356.0
India,Gujarat,24,Valsad,462,2011,276071.0,63965.0,23534.0,16605.0,769.0,10145.0,8874.0,61769.0,185690.0,64920.0,25461.0,9242.0,112065.0,96465.0,4506.0,10052.0,1042.0,68238.0,2024.0,202979.0,4689.0,66379.0,9029.0,5836.0,94644.0,54375.0,33594.0,19863.0,5201.0,1394.0
India,Gujarat,24,Tapi,641,2011,167292.0,84997.0,20539.0,10850.0,57.0,7094.0,498.0,3477.0,131602.0,23813.0,11877.0,6516.0,36518.0,33158.0,486.0,2760.0,114.0,14956.0,478.0,81072.0,1891.0,83851.0,8402.0,1727.0,50850.0,29850.0,12996.0,12816.0,833.0,410.0
India,Gujarat,24,Chhotaudepur,668,2011,197218.0,45566.0,31007.0,6914.0,156.0,5230.0,631.0,2306.0,152506.0,33885.0,10827.0,4640.0,38670.0,34432.0,959.0,2908.0,371.0,11844.0,1636.0,128008.0,1675.0,65899.0,8439.0,3357.0,109937.0,70943.0,35434.0,22605.0,2153.0,426.0
India,Gujarat,24,Mahisagar,669,2011,180188.0,23210.0,7305.0,10049.0,551.0,13723.0,727.0,1613.0,145956.0,19620.0,14612.0,12967.0,22255.0,19608.0,314.0,2261.0,72.0,12053.0,893.0,94948.0,2190.0,82157.0,4902.0,3642.0,125098.0,72742.0,34584.0,20520.0,321.0,158.0
India,Gujarat,24,Arvalli,672,2011,186648.0,36633.0,19504.0,10748.0,622.0,12565.0,979.0,2793.0,137335.0,30556.0,18757.0,11823.0,36484.0,29710.0,764.0,5948.0,62.0,22705.0,960.0,106906.0,5618.0,73164.0,17592.0,3556.0,102308.0,85249.0,40166.0,50075.0,891.0,205.0
India,Gujarat,24,Morbi,673,2011,132389.0,50926.0,18464.0,6518.0,666.0,2945.0,2197.0,3803.0,70726.0,44744.0,16919.0,2637.0,71660.0,62332.0,2510.0,6604.0,214.0,37237.0,735.0,116985.0,1943.0,12726.0,24177.0,7391.0,47917.0,32438.0,17133.0,28926.0,1728.0,583.0
India,Gujarat,24,Devbhumi Dwarka,674,2011,88598.0,27010.0,9255.0,3454.0,392.0,2136.0,550.0,2241.0,55005.0,26620.0,6973.0,1923.0,45995.0,41366.0,1726.0,2631.0,272.0,6636.0,328.0,75875.0,1325.0,11070.0,19869.0,4190.0,36479.0,30445.0,16890.0,34024.0,1269.0,357.0
India,Gujarat,24,Gir Somnath,675,2011,140697.0,63867.0,30896.0,8923.0,600.0,3707.0,1118.0,2909.0,78500.0,40299.0,21898.0,3291.0,52466.0,44733.0,2545.0,4358.0,830.0,15577.0,677.0,119234.0,2952.0,17834.0,22455.0,5330.0,42194.0,50724.0,25416.0,39584.0,2617.0,852.0
India,Gujarat,24,Botad,676,2011,91107.0,41013.0,6648.0,2559.0,363.0,1759.0,457.0,2841.0,55397.0,26736.0,8974.0,1548.0,39874.0,34541.0,2508.0,2423.0,402.0,17860.0,1414.0,72679.0,2293.0,14721.0,11443.0,3197.0,24698.0,15100.0,12719.0,14734.0,2153.0,577.0
India,Maharashtra,27,Ahmednagar,466,2011,733945.0,194259.0,18731.0,39726.0,2105.0,41696.0,13095.0,16575.0,515281.0,141864.0,76651.0,38747.0,249004.0,228129.0,3406.0,17138.0,331.0,69458.0,13327.0,502227.0,17533.0,200858.0,30704.0,45789.0,320376.0,257655.0,143784.0,189261.0,1756.0,700.0
India,Maharashtra,27,Akola,467,2011,256471.0,132092.0,3125.0,7986.0,854.0,11327.0,1297.0,2275.0,195620.0,39001.0,21850.0,10259.0,28465.0,25697.0,948.0,1750.0,70.0,12028.0,5824.0,115259.0,4951.0,130437.0,5708.0,5965.0,96628.0,18363.0,12698.0,9920.0,403.0,251.0
India,Maharashtra,27,Amravati,468,2011,438820.0,239215.0,5085.0,11465.0,1042.0,16619.0,2248.0,3226.0,355643.0,53854.0,29323.0,14713.0,43924.0,39761.0,1224.0,2804.0,135.0,19637.0,10417.0,154595.0,10484.0,263324.0,6886.0,4255.0,148875.0,35122.0,22585.0,20766.0,642.0,335.0
India,Maharashtra,27,Chhatrapati Sambhajinagar,469,2011,437160.0,138033.0,7755.0,10967.0,1199.0,10766.0,4182.0,7419.0,307299.0,92594.0,37267.0,9100.0,127874.0,119670.0,1939.0,5850.0,415.0,29206.0,14568.0,304558.0,9601.0,108433.0,17445.0,6395.0,209746.0,105544.0,67930.0,56635.0,1306.0,840.0
India,Maharashtra,27,Beed,470,2011,451311.0,132807.0,7511.0,16281.0,2099.0,22167.0,3418.0,3839.0,301083.0,98751.0,51228.0,20759.0,92868.0,76759.0,3539.0,6018.0,6552.0,27096.0,13906.0,300623.0,11552.0,125230.0,13994.0,4415.0,241942.0,112686.0,79368.0,63390.0,564.0,624.0
India,Maharashtra,27,Bhandara,471,2011,230804.0,98563.0,7547.0,13169.0,476.0,13465.0,1354.0,4353.0,186103.0,25272.0,19420.0,12787.0,37133.0,34275.0,308.0,2391.0,159.0,15053.0,2685.0,112106.0,3986.0,112027.0,5196.0,5441.0,87095.0,27432.0,27724.0,13129.0,288.0,336.0
India,Maharashtra,27,Buldhana,472,2011,459981.0,206259.0,5813.0,16070.0,1280.0,22011.0,1846.0,3581.0,346077.0,71185.0,42719.0,20083.0,54559.0,49285.0,1834.0,3235.0,205.0,21884.0,8262.0,228944.0,9162.0,213613.0,10526.0,13828.0,200178.0,56867.0,37771.0,37964.0,422.0,580.0
India,Maharashtra,27,Chandrapur,473,2011,375621.0,160757.0,7619.0,22448.0,851.0,19605.0,5654.0,7827.0,302367.0,39820.0,33434.0,18125.0,46855.0,42474.0,913.0,3222.0,246.0,31532.0,3146.0,139527.0,6249.0,226699.0,5409.0,15850.0,130147.0,22276.0,33700.0,17141.0,225.0,295.0
India,Maharashtra,27,Dhule,474,2011,285062.0,133028.0,4211.0,9201.0,297.0,11737.0,1601.0,2513.0,215598.0,45600.0,22374.0,10748.0,35504.0,31941.0,1015.0,2457.0,91.0,18753.0,3806.0,145668.0,6453.0,129135.0,5819.0,7175.0,103123.0,53294.0,36021.0,27691.0,200.0,194.0
India,Maharashtra,27,Gadchiroli,475,2011,210013.0,87970.0,3699.0,7820.0,341.0,9835.0,565.0,1612.0,173648.0,22238.0,14127.0,9032.0,14650.0,13300.0,191.0,935.0,224.0,9286.0,2229.0,49353.0,2986.0,155445.0,3193.0,1964.0,84119.0,11717.0,26590.0,7909.0,675.0,270.0
India,Maharashtra,27,Gondia,476,2011,247259.0,107892.0,4314.0,7617.0,406.0,9323.0,580.0,2368.0,209292.0,24719.0,13230.0,8599.0,32824.0,30685.0,243.0,1796.0,100.0,9119.0,2397.0,116129.0,2333.0,126400.0,4927.0,5302.0,89053.0,27842.0,40896.0,10445.0,335.0,302.0
India,Maharashtra,27,Hingoli,477,2011,198682.0,74902.0,2226.0,4805.0,933.0,6737.0,781.0,752.0,155149.0,28658.0,14871.0,6016.0,19892.0,17934.0,548.0,1325.0,85.0,6494.0,1882.0,115108.0,2075.0,79613.0,4678.0,3412.0,102486.0,38547.0,20835.0,17784.0,126.0,136.0
India,Maharashtra,27,Jalgaon,478,2011,629590.0,356959.0,7913.0,19277.0,2134.0,26939.0,5078.0,5832.0,490577.0,94486.0,44428.0,24445.0,81359.0,74828.0,1885.0,4286.0,360.0,51682.0,13112.0,283768.0,19698.0,313012.0,14205.0,17572.0,180380.0,72467.0,52105.0,41284.0,503.0,572.0
India,Maharashtra,27,Jalna,479,2011,303458.0,88553.0,4366.0,4785.0,1176.0,7194.0,1504.0,1935.0,210797.0,63442.0,29217.0,6097.0,58010.0,52665.0,1511.0,3569.0,265.0,13557.0,10787.0,196332.0,12213.0,84124.0,12356.0,3502.0,171231.0,80388.0,60008.0,47650.0,337.0,265.0
India,Maharashtra,27,Kolhapur,480,2011,575423.0,107368.0,21330.0,43246.0,1306.0,40846.0,20051.0,74530.0,361292.0,134442.0,79654.0,38237.0,202072.0,179482.0,3173.0,19097.0,320.0,61314.0,12022.0,391992.0,38932.0,132477.0,15113.0,7985.0,257352.0,220384.0,109495.0,60201.0,966.0,409.0
India,Maharashtra,27,Latur,481,2011,360602.0,141587.0,9336.0,21675.0,1289.0,24077.0,2787.0,5904.0,236968.0,74318.0,49316.0,22938.0,51987.0,45105.0,1689.0,5034.0,159.0,24235.0,6669.0,234046.0,9950.0,109937.0,11377.0,47409.0,164636.0,64502.0,51582.0,33077.0,397.0,757.0
India,Maharashtra,27,Nagpur,484,2011,369674.0,174937.0,19226.0,30625.0,737.0,23177.0,7029.0,32341.0,287294.0,47875.0,34469.0,21988.0,93028.0,85217.0,1392.0,5955.0,464.0,50650.0,11554.0,196546.0,12505.0,149069.0,10890.0,16045.0,99970.0,56890.0,32787.0,31109.0,2705.0,1459.0
India,Maharashtra,27,Nanded,485,2011,480900.0,178746.0,8540.0,17763.0,1542.0,22203.0,2243.0,3325.0,345246.0,86061.0,49593.0,20497.0,45253.0,38295.0,2846.0,3606.0,506.0,21849.0,9148.0,314689.0,8165.0,148898.0,10288.0,5862.0,236467.0,71134.0,49448.0,26354.0,515.0,755.0
India,Maharashtra,27,Nandurbar,486,2011,288702.0,176950.0,2620.0,6400.0,285.0,8134.0,1566.0,1344.0,242155.0,31118.0,15071.0,7317.0,21752.0,19250.0,572.0,1830.0,100.0,12248.0,2554.0,61631.0,3854.0,220663.0,4313.0,3268.0,71438.0,24914.0,13429.0,11251.0,217.0,237.0
India,Maharashtra,27,Nashik,487,2011,675050.0,241846.0,17361.0,33699.0,1545.0,30021.0,5991.0,16261.0,529190.0,92396.0,53049.0,27445.0,193756.0,173954.0,2567.0,16673.0,562.0,59152.0,5970.0,389983.0,7932.0,271165.0,43019.0,5275.0,268417.0,203907.0,101155.0,161625.0,1959.0,706.0
India,Maharashtra,27,Dharashiv,488,2011,297568.0,99062.0,6607.0,11314.0,1040.0,16268.0,2260.0,3337.0,204926.0,64377.0,28265.0,14972.0,42366.0,37265.0,1067.0,3879.0,155.0,15787.0,3177.0,194495.0,5970.0,93926.0,7042.0,2721.0,151849.0,70399.0,43775.0,43102.0,614.0,205.0
India,Maharashtra,27,Parbhani,489,2011,258608.0,91870.0,2236.0,4672.0,988.0,6888.0,1195.0,1473.0,194813.0,46296.0,17499.0,6233.0,27082.0,23663.0,1234.0,1946.0,239.0,9436.0,4999.0,181401.0,3411.0,68797.0,4500.0,5749.0,137351.0,51319.0,30102.0,22783.0,308.0,302.0
India,Maharashtra,27,Pune,490,2011,695094.0,155720.0,29966.0,61820.0,1630.0,38454.0,14558.0,112671.0,366994.0,207964.0,120017.0,36411.0,323560.0,280964.0,4824.0,37108.0,664.0,162731.0,6039.0,570882.0,8973.0,109184.0,38394.0,96631.0,284204.0,249248.0,133830.0,164801.0,4262.0,2327.0
India,Maharashtra,27,Raigad,491,2011,385444.0,99297.0,11249.0,30759.0,360.0,27036.0,23448.0,54794.0,265859.0,74548.0,45037.0,24255.0,89927.0,70466.0,5496.0,12337.0,1628.0,111900.0,17977.0,207279.0,30383.0,129805.0,2519.0,1139.0,101881.0,21864.0,26784.0,3430.0,734.0,369.0
India,Maharashtra,27,Ratnagiri,492,2011,336151.0,65420.0,11883.0,18750.0,753.0,19423.0,3528.0,25409.0,271580.0,37955.0,26616.0,17427.0,49643.0,35403.0,4946.0,8515.0,779.0,45481.0,26511.0,160718.0,23967.0,124955.0,1502.0,1179.0,139943.0,39891.0,45419.0,5323.0,1258.0,397.0
India,Maharashtra,27,Sangli,493,2011,411888.0,83953.0,17906.0,24297.0,971.0,23908.0,7441.0,26164.0,247503.0,107822.0,56563.0,22668.0,142756.0,127944.0,1599.0,12805.0,408.0,42904.0,3999.0,307353.0,17246.0,83290.0,14094.0,4796.0,210136.0,167392.0,91083.0,94127.0,1153.0,339.0
India,Maharashtra,27,Satara,494,2011,509977.0,100409.0,15668.0,31039.0,748.0,38734.0,14373.0,34304.0,322743.0,122670.0,64564.0,36113.0,153635.0,133511.0,3342.0,16511.0,271.0,59045.0,12844.0,372691.0,19140.0,105302.0,14084.0,8393.0,259214.0,179171.0,88375.0,74125.0,620.0,263.0
India,Maharashtra,27,Sindhudurg,495,2011,180815.0,37275.0,5897.0,9396.0,173.0,16318.0,2566.0,6836.0,141036.0,24274.0,15505.0,14191.0,30139.0,22372.0,2255.0,4609.0,903.0,22656.0,7626.0,98122.0,13310.0,61757.0,1426.0,678.0,75551.0,17656.0,23809.0,7418.0,1811.0,117.0
India,Maharashtra,27,Solapur,496,2011,589485.0,185769.0,12198.0,26409.0,2485.0,29389.0,6853.0,8090.0,411552.0,112969.0,64964.0,27256.0,152324.0,138844.0,2288.0,9903.0,1289.0,44607.0,12326.0,396049.0,13378.0,167732.0,17591.0,5480.0,246608.0,173254.0,92682.0,112795.0,5168.0,1680.0
India,Maharashtra,27,Thane,497,2011,221773.0,72716.0,7243.0,21407.0,229.0,17654.0,8976.0,34580.0,144081.0,48584.0,29108.0,16778.0,46487.0,38005.0,2720.0,5510.0,252.0,52540.0,4720.0,130611.0,10482.0,75960.0,3219.0,1375.0,48802.0,15397.0,16061.0,2732.0,1456.0,850.0
India,Maharashtra,27,Wardha,498,2011,225903.0,95552.0,5178.0,11644.0,329.0,13251.0,2216.0,6722.0,161467.0,38328.0,26108.0,12265.0,43485.0,39061.0,1523.0,2746.0,155.0,27226.0,4359.0,125328.0,7510.0,88706.0,4737.0,6984.0,79411.0,30627.0,17685.0,21398.0,243.0,145.0
India,Maharashtra,27,Washim,499,2011,216989.0,102278.0,2648.0,7641.0,489.0,8862.0,977.0,907.0,164013.0,32952.0,20023.0,7907.0,23058.0,20687.0,894.0,1412.0,65.0,8197.0,4432.0,106757.0,4349.0,101450.0,4695.0,3794.0,93926.0,26145.0,15881.0,14044.0,210.0,297.0
India,Maharashtra,27,Yavatmal,500,2011,547546.0,308464.0,7267.0,18771.0,1089.0,19560.0,1852.0,4326.0,419037.0,85754.0,42751.0,17739.0,57989.0,51998.0,2019.0,3712.0,260.0,26970.0,7678.0,219406.0,8094.0,312368.0,9266.0,14089.0,176659.0,40032.0,31773.0,23035.0,914.0,811.0
India,Maharashtra,27,Palghar,665,2011,326612.0,116936.0,7869.0,19562.0,403.0,15595.0,7295.0,33510.0,250356.0,45781.0,30475.0,14333.0,45213.0,36100.0,2014.0,6059.0,1040.0,55494.0,6580.0,130608.0,15216.0,174208.0,3428.0,2744.0,87179.0,21034.0,28721.0,6262.0,1751.0,1578.0
India,Andhra Pradesh,28,Ananthapuramu,502,2011,929561.0,270916.0,34539.0,12670.0,1390.0,9525.0,1510.0,7669.0,740798.0,140864.0,43455.0,7130.0,152019.0,132039.0,7827.0,4977.0,7176.0,32990.0,17589.0,801971.0,10139.0,99862.0,31768.0,38418.0,376267.0,193506.0,148880.0,61764.0,16777.0,7310.0
India,Andhra Pradesh,28,Chittoor,503,2011,1251667.0,406047.0,33067.0,84078.0,2210.0,30343.0,6905.0,75302.0,860523.0,276925.0,111645.0,24209.0,335722.0,301660.0,15012.0,13195.0,5855.0,113173.0,23799.0,1035445.0,22006.0,170416.0,10442.0,10979.0,338509.0,274889.0,199677.0,177575.0,9376.0,795.0
India,Andhra Pradesh,28,Y.S.R.,504,2011,781638.0,239321.0,13813.0,10130.0,1040.0,6356.0,1422.0,9856.0,625323.0,128613.0,27656.0,5071.0,331393.0,319277.0,5329.0,3227.0,3560.0,53466.0,11449.0,697968.0,7537.0,64681.0,15147.0,13776.0,190630.0,156727.0,76792.0,82199.0,12312.0,7786.0
India,Andhra Pradesh,28,East Godavari,505,2011,1546974.0,1074314.0,21969.0,25510.0,2775.0,29177.0,2144.0,29655.0,1340972.0,159473.0,46051.0,25584.0,270473.0,252778.0,6712.0,6690.0,4293.0,100213.0,24706.0,1046421.0,23824.0,452023.0,8013.0,8634.0,97985.0,101032.0,39232.0,16219.0,7472.0,4179.0
India,Andhra Pradesh,28,Guntur,506,2011,1531355.0,847209.0,23130.0,30276.0,1535.0,17271.0,2574.0,21322.0,1188185.0,288671.0,54354.0,14382.0,231518.0,211936.0,9206.0,5699.0,4677.0,77333.0,34010.0,1167938.0,25343.0,304064.0,23578.0,15471.0,216328.0,200208.0,106807.0,37376.0,15228.0,6622.0
India,Andhra Pradesh,28,Krishna,510,2011,1207361.0,708260.0,20073.0,31357.0,2267.0,28569.0,8595.0,57343.0,981576.0,166859.0,58524.0,25121.0,217624.0,197649.0,7292.0,9710.0,2973.0,116656.0,32513.0,796252.0,32253.0,346343.0,15896.0,10333.0,131545.0,136839.0,56852.0,29509.0,15780.0,6099.0
India,Andhra Pradesh,28,Kurnool,511,2011,802437.0,258606.0,20826.0,23956.0,1819.0,10130.0,2285.0,9280.0,608216.0,136810.0,56022.0,7543.0,205291.0,180929.0,10565.0,5341.0,8456.0,29551.0,22538.0,683588.0,12472.0,83837.0,26099.0,16088.0,241798.0,129950.0,98076.0,48841.0,10277.0,7566.0
India,Andhra Pradesh,28,Sri Potti Sriramulu Nellore,515,2011,763041.0,405500.0,20848.0,26456.0,1986.0,17224.0,3040.0,16353.0,630927.0,97575.0,33060.0,14310.0,105900.0,87342.0,7405.0,6936.0,4217.0,61183.0,13519.0,532847.0,20653.0,194993.0,21038.0,9077.0,159538.0,140144.0,90198.0,38870.0,6812.0,2652.0
India,Andhra Pradesh,28,Prakasam,517,2011,1173114.0,545830.0,49480.0,25360.0,2394.0,20979.0,2136.0,16209.0,882246.0,223686.0,58772.0,17966.0,203627.0,170093.0,9463.0,15305.0,8766.0,50062.0,17277.0,917405.0,20205.0,218157.0,24428.0,21560.0,269559.0,191727.0,145595.0,67171.0,19519.0,8845.0
India,Andhra Pradesh,28,Srikakulam,519,2011,670378.0,313684.0,19546.0,22174.0,1523.0,24481.0,2287.0,9982.0,543589.0,91095.0,35420.0,21675.0,87463.0,77815.0,4478.0,2545.0,2625.0,27094.0,8823.0,480798.0,9436.0,171321.0,11466.0,13415.0,191874.0,142180.0,91416.0,57163.0,20383.0,3943.0
India,Andhra Pradesh,28,Visakhapatnam,520,2011,672230.0,307068.0,19767.0,32960.0,997.0,13689.0,2499.0,11314.0,576747.0,73630.0,21623.0,10711.0,96482.0,84615.0,5229.0,2565.0,4073.0,27275.0,6684.0,399133.0,5707.0,260686.0,12887.0,7981.0,205434.0,129886.0,101658.0,26877.0,6366.0,3214.0
India,Andhra Pradesh,28,Vizianagaram,521,2011,542298.0,286582.0,13631.0,14202.0,362.0,16023.0,3979.0,11994.0,466178.0,56964.0,19124.0,14478.0,51737.0,44779.0,3621.0,1672.0,1665.0,19066.0,5748.0,313983.0,4992.0,217575.0,7575.0,2052.0,147152.0,85671.0,86062.0,9417.0,2203.0,399.0
India,Andhra Pradesh,28,West Godavari,523,2011,1415174.0,820673.0,21325.0,32908.0,2874.0,22208.0,3156.0,25468.0,1084408.0,285026.0,44362.0,18827.0,287469.0,267215.0,9177.0,8173.0,2904.0,101788.0,31072.0,994591.0,30551.0,358960.0,8071.0,4231.0,116881.0,242502.0,54034.0,12454.0,5929.0,2086.0
India,Karnataka,29,Bagalkote,524,2011,227155.0,19462.0,7736.0,14577.0,186.0,10912.0,1749.0,6548.0,160985.0,46566.0,19604.0,9390.0,53389.0,44538.0,1682.0,6899.0,270.0,5650.0,3249.0,173150.0,6129.0,44627.0,25826.0,22092.0,119283.0,78087.0,45087.0,27590.0,1015.0,1046.0
India,Karnataka,29,Bengaluru Urban,525,2011,203211.0,82515.0,8003.0,16588.0,449.0,5782.0,9128.0,66851.0,119381.0,64434.0,19328.0,5015.0,79331.0,67433.0,2359.0,9222.0,317.0,34989.0,1098.0,183319.0,5175.0,13619.0,4886.0,2637.0,22396.0,14921.0,9641.0,8004.0,2189.0,1626.0
India,Karnataka,29,Bengaluru Rural,526,2011,150075.0,20004.0,5985.0,22859.0,168.0,4905.0,2365.0,21754.0,102360.0,36928.0,10738.0,4152.0,61007.0,53050.0,1941.0,5612.0,404.0,14162.0,1810.0,121008.0,5745.0,21512.0,18296.0,2672.0,71181.0,48084.0,27999.0,13438.0,1414.0,788.0
India,Karnataka,29,Belagavi,527,2011,639084.0,130478.0,28630.0,39234.0,1118.0,28936.0,5704.0,25835.0,489362.0,110688.0,38871.0,25047.0,170799.0,151555.0,2263.0,16010.0,971.0,24867.0,7419.0,504375.0,14498.0,112792.0,42051.0,11927.0,284557.0,210465.0,108385.0,102497.0,4195.0,1465.0
India,Karnataka,29,Ballari,528,2011,263414.0,42707.0,6453.0,35375.0,216.0,7226.0,1607.0,11053.0,195358.0,52032.0,16024.0,5953.0,55072.0,46881.0,1622.0,6295.0,274.0,12249.0,2756.0,210801.0,6226.0,43631.0,32058.0,6063.0,111189.0,63821.0,42250.0,21046.0,3122.0,1391.0
India,Karnataka,29,Bidar,529,2011,234836.0,49955.0,14595.0,39858.0,779.0,7759.0,8273.0,5909.0,140484.0,59913.0,34439.0,6646.0,31403.0,27303.0,1375.0,2068.0,657.0,10864.0,5475.0,183916.0,6278.0,39167.0,11531.0,10660.0,100764.0,63625.0,47258.0,14752.0,2163.0,2061.0
India,Karnataka,29,Vijayapura,530,2011,261277.0,16525.0,9820.0,23460.0,335.0,15990.0,1920.0,5497.0,183307.0,59603.0,18367.0,13315.0,47166.0,39386.0,1618.0,5964.0,198.0,5246.0,3105.0,220438.0,6303.0,31431.0,41092.0,28525.0,165804.0,110720.0,78675.0,44636.0,2062.0,1448.0
India,Karnataka,29,Chamarajanagara,531,2011,190314.0,71578.0,5057.0,7533.0,203.0,5216.0,590.0,3610.0,143944.0,38816.0,7554.0,4412.0,39083.0,36122.0,1153.0,1596.0,212.0,7267.0,1551.0,146638.0,2374.0,39751.0,5430.0,2595.0,75621.0,40151.0,23220.0,12801.0,725.0,758.0
India,Karnataka,29,Chikkamagaluru,532,2011,201131.0,36278.0,7521.0,19170.0,92.0,8039.0,1059.0,4193.0,142226.0,41073.0,17791.0,7205.0,53764.0,41597.0,2427.0,9483.0,257.0,11187.0,8579.0,141432.0,21184.0,29936.0,30765.0,3379.0,98345.0,58105.0,40715.0,21367.0,1417.0,761.0
India,Karnataka,29,Chitradurga,533,2011,273351.0,37567.0,7400.0,14829.0,323.0,11157.0,803.0,3745.0,216331.0,42030.0,14986.0,9627.0,43784.0,37302.0,1781.0,4570.0,131.0,8562.0,2827.0,194512.0,6541.0,69471.0,28502.0,6470.0,160873.0,84781.0,69115.0,23677.0,820.0,831.0
India,Karnataka,29,Dakshina Kannada,534,2011,248415.0,71195.0,11396.0,40889.0,153.0,11136.0,6147.0,21634.0,147217.0,70297.0,30901.0,9791.0,59704.0,37812.0,4492.0,17292.0,108.0,48559.0,8106.0,183136.0,44463.0,12710.0,7752.0,8335.0,111896.0,46290.0,50722.0,63446.0,4686.0,581.0
India,Karnataka,29,Davangere,535,2011,269217.0,22977.0,7847.0,30648.0,262.0,10896.0,1314.0,5091.0,204476.0,45765.0,18976.0,9204.0,60547.0,49495.0,1908.0,8945.0,199.0,7617.0,3377.0,204235.0,7708.0,53897.0,38081.0,7846.0,142868.0,72442.0,44295.0,23172.0,999.0,1277.0
India,Karnataka,29,Dharwad,536,2011,159015.0,22230.0,3618.0,9416.0,154.0,6577.0,549.0,6133.0,131165.0,20411.0,7436.0,5586.0,26448.0,17145.0,428.0,8804.0,71.0,2973.0,2129.0,119331.0,5171.0,32381.0,16429.0,2797.0,89386.0,56310.0,24342.0,8114.0,299.0,335.0
India,Karnataka,29,Gadag,537,2011,134644.0,31458.0,3281.0,5097.0,60.0,6240.0,432.0,2013.0,93821.0,32014.0,8784.0,5689.0,18716.0,13499.0,818.0,4202.0,197.0,2629.0,1104.0,97263.0,3133.0,33144.0,8021.0,3441.0,70488.0,34588.0,11214.0,7901.0,704.0,229.0
India,Karnataka,29,Kalaburagi,538,2011,310696.0,100765.0,9893.0,36958.0,383.0,8597.0,4912.0,16673.0,147566.0,95841.0,67280.0,7495.0,42732.0,36131.0,2044.0,3905.0,652.0,13542.0,5661.0,259922.0,9025.0,36079.0,9754.0,10290.0,164142.0,45184.0,33809.0,19874.0,2133.0,2843.0
India,Karnataka,29,Hassan,539,2011,349347.0,27229.0,11359.0,37303.0,304.0,14421.0,2040.0,8895.0,268829.0,61310.0,19180.0,12170.0,94014.0,80227.0,3703.0,9766.0,318.0,13670.0,9587.0,277778.0,15908.0,46074.0,51772.0,4838.0,237842.0,142010.0,116511.0,39286.0,616.0,605.0
India,Karnataka,29,Haveri,540,2011,250395.0,82535.0,7398.0,11275.0,203.0,8698.0,748.0,3396.0,187005.0,45980.0,17360.0,7862.0,43294.0,36045.0,1283.0,5701.0,265.0,6651.0,1143.0,198717.0,2799.0,47736.0,10323.0,4212.0,129876.0,42130.0,27575.0,19686.0,791.0,483.0
India,Karnataka,29,Kodagu,541,2011,113443.0,31671.0,3604.0,9473.0,29.0,5466.0,1192.0,5170.0,75153.0,23734.0,14555.0,4826.0,29123.0,12801.0,1565.0,14704.0,53.0,19733.0,5020.0,68753.0,21805.0,17865.0,5771.0,3556.0,37197.0,14044.0,17055.0,8034.0,506.0,628.0
India,Karnataka,29,Kolar,542,2011,220158.0,47589.0,7390.0,16207.0,536.0,9099.0,1676.0,7695.0,160184.0,46340.0,13634.0,7967.0,66564.0,59573.0,1967.0,4532.0,492.0,11429.0,4729.0,167411.0,9417.0,38601.0,14440.0,3298.0,107472.0,64042.0,52104.0,18084.0,1204.0,676.0
India,Karnataka,29,Koppal,543,2011,199984.0,27415.0,4691.0,24664.0,146.0,5374.0,824.0,3384.0,150351.0,40508.0,9125.0,4468.0,37846.0,32079.0,1280.0,4309.0,178.0,6071.0,3447.0,156663.0,5477.0,34397.0,14728.0,3996.0,112926.0,71661.0,47827.0,14556.0,633.0,1370.0
India,Karnataka,29,Mandya,544,2011,341183.0,71346.0,10867.0,33518.0,304.0,11632.0,2488.0,10000.0,237646.0,80246.0,23291.0,9820.0,87481.0,80071.0,3153.0,3966.0,291.0,12449.0,6043.0,265627.0,12447.0,57066.0,36159.0,2834.0,183159.0,129354.0,82863.0,30945.0,474.0,509.0
India,Karnataka,29,Mysuru,545,2011,384759.0,137559.0,14785.0,53783.0,224.0,8034.0,3741.0,8546.0,236377.0,110988.0,37391.0,6904.0,92374.0,84627.0,2509.0,4437.0,801.0,12632.0,4543.0,309559.0,6160.0,64497.0,8547.0,8529.0,157263.0,65846.0,51693.0,20738.0,1245.0,2495.0
India,Karnataka,29,Raichur,546,2011,235403.0,62412.0,7721.0,18997.0,177.0,3604.0,3126.0,2347.0,119122.0,84314.0,31965.0,2938.0,46891.0,39886.0,2157.0,3486.0,1362.0,11538.0,4851.0,195680.0,6807.0,28063.0,9802.0,8621.0,105651.0,65806.0,35484.0,17235.0,1536.0,1587.0
India,Karnataka,29,Shivamogga,547,2011,251721.0,91910.0,6211.0,7526.0,169.0,9041.0,642.0,3768.0,182611.0,45718.0,23392.0,8264.0,66669.0,56821.0,1639.0,7763.0,446.0,8901.0,6006.0,188672.0,13836.0,43207.0,10385.0,5126.0,94228.0,45680.0,43863.0,27855.0,2130.0,682.0
India,Karnataka,29,Tumakuru,548,2011,478572.0,70619.0,12361.0,21023.0,542.0,16654.0,2138.0,10037.0,377535.0,76621.0,24331.0,13954.0,110937.0,98229.0,4098.0,7199.0,1411.0,15594.0,14495.0,327851.0,20581.0,115645.0,41999.0,7279.0,280402.0,155108.0,137275.0,61839.0,2271.0,1147.0
India,Karnataka,29,Udupi,549,2011,191142.0,54728.0,10748.0,21847.0,369.0,9185.0,6726.0,27554.0,108492.0,57036.0,25613.0,8720.0,55833.0,41057.0,3185.0,11305.0,286.0,43264.0,4146.0,153156.0,25447.0,8393.0,2585.0,1447.0,68596.0,30806.0,31871.0,26738.0,4754.0,267.0
India,Karnataka,29,Uttara Kannada,550,2011,230220.0,64582.0,7009.0,14995.0,322.0,13800.0,1299.0,6892.0,167293.0,43602.0,19313.0,12590.0,61312.0,54515.0,1164.0,5316.0,317.0,19539.0,13871.0,146524.0,20393.0,49432.0,8132.0,3712.0,74775.0,23165.0,23036.0,22948.0,2591.0,341.0
India,Karnataka,29,Chikkaballapura,630,2011,207845.0,60400.0,4752.0,6183.0,384.0,5858.0,1089.0,3976.0,159483.0,39608.0,8397.0,5014.0,50010.0,44180.0,1476.0,3654.0,700.0,7797.0,2813.0,151576.0,5816.0,47640.0,7247.0,2106.0,101267.0,53897.0,36337.0,19278.0,350.0,340.0
India,Karnataka,29,Ramanagara,631,2011,174396.0,9688.0,5863.0,22900.0,109.0,5237.0,1527.0,10607.0,132102.0,33103.0,9153.0,4431.0,41635.0,37123.0,1190.0,3252.0,70.0,5492.0,3876.0,128660.0,3946.0,37914.0,29903.0,1948.0,97478.0,65471.0,30825.0,9224.0,421.0,403.0
India,Karnataka,29,Yadgir,635,2011,150228.0,28937.0,4330.0,13314.0,147.0,3435.0,3017.0,2681.0,80735.0,51120.0,18373.0,2852.0,22531.0,17580.0,1597.0,2692.0,662.0,6892.0,1544.0,130552.0,1992.0,16140.0,5326.0,5889.0,79762.0,41864.0,24094.0,8598.0,485.0,848.0
India,Goa,30,North Goa,551,2011,162161.0,18835.0,15189.0,38220.0,212.0,27805.0,5965.0,67278.0,59656.0,50874.0,51150.0,27018.0,113486.0,71939.0,2507.0,38712.0,328.0,119205.0,3317.0,116322.0,31239.0,11283.0,1543.0,773.0,5880.0,5523.0,4408.0,1843.0,981.0,578.0
India,Goa,30,South Goa,552,2011,114059.0,14354.0,11055.0,21701.0,218.0,12039.0,3644.0,50998.0,45539.0,40343.0,28091.0,11690.0,74534.0,51474.0,1214.0,21731.0,115.0,78464.0,2826.0,82065.0,20519.0,8649.0,727.0,581.0,4544.0,3858.0,4220.0,1925.0,1009.0,406.0
India,Kerala,32,Alappuzha,554,2011,597089.0,263368.0,11750.0,42661.0,1080.0,56185.0,6566.0,42661.0,416039.0,98857.0,82193.0,52850.0,196148.0,140900.0,10040.0,44903.0,305.0,266092.0,30997.0,359552.0,159562.0,46978.0,1670.0,2280.0,50117.0,22934.0,20455.0,32998.0,28495.0,1105.0
India,Kerala,32,Ernakulam,555,2011,570154.0,229515.0,16580.0,48708.0,1521.0,40302.0,9425.0,56697.0,369961.0,112988.0,87205.0,38434.0,268943.0,172600.0,15620.0,80377.0,346.0,302550.0,16267.0,341013.0,185402.0,27472.0,1929.0,2781.0,93886.0,28857.0,30210.0,24489.0,13224.0,1130.0
India,Kerala,32,Idukki,556,2011,338252.0,128551.0,7119.0,19193.0,426.0,15542.0,5011.0,38995.0,253363.0,54716.0,30173.0,14416.0,71198.0,32436.0,9973.0,28722.0,67.0,76921.0,6534.0,247902.0,66230.0,17586.0,2114.0,2810.0,95795.0,34240.0,29297.0,24140.0,8873.0,905.0
India,Kerala,32,Kannur,557,2011,424944.0,124023.0,10597.0,28356.0,595.0,28262.0,3885.0,19473.0,300243.0,72748.0,51953.0,27051.0,98203.0,48369.0,11791.0,37949.0,94.0,189161.0,15731.0,242827.0,143609.0,22777.0,1526.0,5153.0,168514.0,27148.0,29725.0,13029.0,3501.0,1139.0
India,Kerala,32,Kasaragod,558,2011,232649.0,61940.0,5469.0,13910.0,323.0,11895.0,1935.0,9451.0,166426.0,40820.0,25403.0,11336.0,48441.0,24233.0,5458.0,18664.0,86.0,84979.0,6947.0,134214.0,76473.0,15015.0,1913.0,5004.0,98735.0,21514.0,29756.0,33415.0,6334.0,518.0
India,Kerala,32,Kollam,559,2011,605819.0,208357.0,14093.0,42725.0,941.0,54162.0,7102.0,35296.0,420438.0,104004.0,81377.0,51362.0,174775.0,107889.0,9829.0,56807.0,250.0,301224.0,28331.0,345969.0,171659.0,59860.0,1709.0,2562.0,140473.0,40363.0,39554.0,12768.0,7987.0,1115.0
India,Kerala,32,Kottayam,560,2011,537608.0,173105.0,16036.0,46271.0,830.0,40294.0,7881.0,45414.0,347193.0,102637.0,87778.0,38229.0,199128.0,90823.0,19136.0,89012.0,157.0,293310.0,18890.0,301062.0,194706.0,22950.0,1680.0,3113.0,142973.0,29869.0,36711.0,8916.0,4195.0,1117.0
India,Kerala,32,Kozhikode,561,2011,566970.0,232669.0,13456.0,34434.0,1306.0,39913.0,3527.0,16668.0,416765.0,85178.0,65027.0,38418.0,153844.0,104656.0,9079.0,39979.0,130.0,219326.0,24046.0,354672.0,154420.0,33832.0,2122.0,3229.0,166858.0,29623.0,31905.0,5698.0,2275.0,1249.0
India,Kerala,32,Malappuram,562,2011,730842.0,414975.0,8404.0,30575.0,2877.0,29798.0,3727.0,20590.0,553716.0,117057.0,60069.0,28105.0,188385.0,111571.0,19994.0,56669.0,151.0,225262.0,17856.0,490784.0,186316.0,35886.0,2089.0,3315.0,110596.0,24045.0,23934.0,28915.0,17746.0,1582.0
India,Kerala,32,Palakkad,563,2011,542939.0,265161.0,9969.0,23006.0,1273.0,30225.0,4717.0,27296.0,404902.0,84553.0,53483.0,28558.0,162660.0,115011.0,12435.0,35109.0,105.0,139687.0,10333.0,390239.0,93406.0,48961.0,2787.0,3130.0,86560.0,53826.0,27074.0,13702.0,2561.0,895.0
India,Kerala,32,Pathanamthitta,564,2011,336373.0,95443.0,6644.0,22638.0,412.0,28473.0,4603.0,19649.0,218088.0,67503.0,50782.0,26228.0,114416.0,58224.0,9156.0,46957.0,79.0,195419.0,16531.0,168292.0,128570.0,22980.0,752.0,988.0,63060.0,16210.0,24364.0,10439.0,6064.0,424.0
India,Kerala,32,Thiruvananthapuram,565,2011,650189.0,270324.0,13761.0,42931.0,1842.0,59989.0,7644.0,31526.0,481962.0,95138.0,73089.0,56685.0,182617.0,127338.0,7896.0,46970.0,413.0,247963.0,23619.0,421994.0,119655.0,84921.0,2074.0,3184.0,188088.0,41598.0,44370.0,13888.0,7389.0,1338.0
India,Kerala,32,Thrissur,566,2011,584975.0,235353.0,12181.0,37473.0,1240.0,30624.0,7922.0,49794.0,406283.0,105698.0,72994.0,28619.0,203479.0,133472.0,14938.0,54811.0,258.0,260305.0,28711.0,317048.0,196072.0,43144.0,1627.0,3335.0,40658.0,18693.0,27203.0,66281.0,46307.0,1742.0
India,Kerala,32,Wayanad,567,2011,178557.0,81542.0,2357.0,10942.0,217.0,9650.0,1236.0,4996.0,143602.0,20735.0,14220.0,9137.0,34971.0,16306.0,3880.0,14760.0,25.0,27276.0,3568.0,120401.0,36730.0,17858.0,957.0,2588.0,65568.0,12803.0,10362.0,4350.0,1233.0,534.0
India,Tamil Nadu,33,Coimbatore,569,2011,297388.0,160660.0,7864.0,14080.0,431.0,9754.0,5160.0,56266.0,205579.0,66942.0,24867.0,8193.0,135484.0,121816.0,1239.0,12273.0,156.0,47398.0,2081.0,225316.0,11711.0,58280.0,15454.0,4396.0,36841.0,26897.0,22834.0,27186.0,822.0,1529.0
India,Tamil Nadu,33,Cuddalore,570,2011,477727.0,244807.0,8541.0,19468.0,264.0,20414.0,5096.0,25209.0,386194.0,63411.0,27252.0,17484.0,141946.0,129019.0,1392.0,11046.0,489.0,62357.0,3087.0,394640.0,7110.0,72890.0,9095.0,7335.0,85999.0,63919.0,37128.0,30769.0,1763.0,2737.0
India,Tamil Nadu,33,Dharmapuri,571,2011,357631.0,143493.0,7796.0,15648.0,186.0,20556.0,2430.0,12709.0,270399.0,63498.0,23734.0,17816.0,137325.0,131365.0,1029.0,4604.0,327.0,29137.0,1412.0,288523.0,4968.0,62728.0,9908.0,5709.0,127709.0,95865.0,63243.0,80870.0,1600.0,1266.0
India,Tamil Nadu,33,Dindigul,572,2011,423307.0,252462.0,5898.0,14445.0,151.0,18732.0,1883.0,19134.0,337485.0,63286.0,22536.0,16332.0,155785.0,148436.0,1635.0,5585.0,129.0,30083.0,2975.0,339357.0,6062.0,74913.0,30348.0,9441.0,78141.0,49695.0,47681.0,55674.0,1822.0,3993.0
India,Tamil Nadu,33,Erode,573,2011,356212.0,204795.0,6003.0,13415.0,84.0,13069.0,1565.0,17402.0,273860.0,59484.0,22868.0,11092.0,175238.0,165274.0,1283.0,8591.0,90.0,39633.0,5584.0,255613.0,15713.0,79302.0,39089.0,9081.0,57837.0,40150.0,37397.0,46212.0,1186.0,1643.0
India,Tamil Nadu,33,Kanchipuram,574,2011,477480.0,291466.0,7802.0,32791.0,303.0,23162.0,3409.0,76656.0,320488.0,108295.0,48697.0,20791.0,157202.0,139182.0,2086.0,14353.0,1581.0,139495.0,5738.0,385306.0,14562.0,71874.0,42301.0,5516.0,32186.0,29414.0,24026.0,27104.0,2472.0,2328.0
India,Tamil Nadu,33,Kanniyakumari,575,2011,239238.0,143475.0,5243.0,13554.0,293.0,17391.0,2628.0,16620.0,151471.0,62453.0,25314.0,16333.0,70330.0,62004.0,1351.0,6193.0,782.0,66999.0,5598.0,190083.0,16383.0,27174.0,2154.0,1447.0,25123.0,9165.0,7928.0,1841.0,636.0,969.0
India,Tamil Nadu,33,Karur,576,2011,180706.0,104340.0,1876.0,5775.0,23.0,6036.0,581.0,7250.0,143788.0,28627.0,8291.0,5022.0,68534.0,65593.0,360.0,2555.0,26.0,16832.0,1308.0,142487.0,2936.0,33975.0,26432.0,2945.0,43514.0,28312.0,24419.0,32152.0,523.0,808.0
India,Tamil Nadu,33,Krishnagiri,577,2011,388853.0,155756.0,8881.0,16384.0,347.0,21187.0,3273.0,25773.0,297973.0,67682.0,23198.0,18153.0,148378.0,141275.0,1335.0,5499.0,269.0,38836.0,2258.0,323507.0,4710.0,58378.0,17218.0,5957.0,138049.0,80705.0,66980.0,62806.0,1189.0,2165.0
India,Tamil Nadu,33,Madurai,578,2011,407009.0,272120.0,5517.0,14690.0,81.0,20178.0,2196.0,22610.0,312340.0,73262.0,21407.0,17138.0,133154.0,126117.0,2077.0,4253.0,707.0,31655.0,5395.0,325273.0,5920.0,70421.0,37994.0,10440.0,53078.0,29534.0,38384.0,27433.0,1201.0,5788.0
India,Tamil Nadu,33,Nagapattinam,579,2011,338424.0,202408.0,5132.0,9686.0,115.0,13722.0,3450.0,15790.0,269032.0,51946.0,17446.0,11705.0,82625.0,75416.0,883.0,4084.0,2242.0,42842.0,6129.0,252115.0,16383.0,63797.0,16563.0,3278.0,43166.0,29953.0,20927.0,14881.0,1233.0,1305.0
India,Tamil Nadu,33,Namakkal,580,2011,343748.0,194969.0,4765.0,14839.0,134.0,14673.0,1561.0,16736.0,249172.0,68998.0,25578.0,12971.0,183501.0,175010.0,954.0,7217.0,320.0,57595.0,3705.0,264810.0,11691.0,63542.0,38313.0,4943.0,68574.0,44591.0,40360.0,50354.0,931.0,1396.0
India,Tamil Nadu,33,Perambalur,581,2011,133627.0,53850.0,1738.0,3126.0,7.0,4099.0,493.0,2767.0,113302.0,15124.0,5201.0,3289.0,33351.0,31777.0,216.0,1321.0,37.0,11576.0,1358.0,103024.0,1618.0,27627.0,5955.0,320.0,49755.0,27333.0,18461.0,27152.0,383.0,63.0
India,Tamil Nadu,33,Pudukkottai,582,2011,405512.0,202175.0,4679.0,11857.0,61.0,15184.0,1016.0,11966.0,334749.0,55298.0,15465.0,12399.0,122204.0,116872.0,666.0,3829.0,837.0,32512.0,4929.0,340290.0,8108.0,52185.0,45707.0,5091.0,106728.0,49615.0,69096.0,42777.0,1300.0,1134.0
India,Tamil Nadu,33,Ramanathapuram,583,2011,350609.0,185925.0,4685.0,8696.0,95.0,12883.0,1030.0,8202.0,269838.0,63712.0,17059.0,11089.0,54081.0,48046.0,1085.0,2837.0,2113.0,30714.0,5431.0,299725.0,10052.0,35401.0,13756.0,2481.0,95946.0,39026.0,39187.0,5819.0,1676.0,1474.0
India,Tamil Nadu,33,Salem,584,2011,544869.0,315819.0,7503.0,18409.0,144.0,19033.0,3214.0,20364.0,424567.0,91939.0,28013.0,16377.0,215400.0,200946.0,1561.0,12720.0,173.0,52490.0,6688.0,420852.0,11328.0,106001.0,103079.0,16199.0,110603.0,65812.0,60895.0,81755.0,2180.0,5098.0
India,Tamil Nadu,33,Sivaganga,585,2011,391312.0,173920.0,6074.0,11860.0,215.0,17368.0,2794.0,18149.0,321903.0,49663.0,19746.0,14558.0,110455.0,105724.0,947.0,3654.0,130.0,43941.0,4245.0,328722.0,5909.0,52436.0,7100.0,5451.0,101585.0,44857.0,65393.0,15594.0,674.0,2479.0
India,Tamil Nadu,33,Thanjavur,586,2011,436463.0,260269.0,4729.0,17285.0,62.0,19097.0,2293.0,16782.0,335807.0,69808.0,30848.0,17079.0,124243.0,116853.0,1246.0,5296.0,848.0,58375.0,6422.0,345503.0,16506.0,68032.0,38805.0,11798.0,46807.0,50382.0,39507.0,27402.0,1197.0,6512.0
India,Tamil Nadu,33,The Nilgiris,587,2011,93012.0,57846.0,1537.0,5071.0,38.0,5546.0,1800.0,6126.0,73761.0,12750.0,6501.0,4414.0,7684.0,4182.0,232.0,3209.0,61.0,3923.0,1104.0,72042.0,4139.0,15727.0,1519.0,3991.0,19703.0,11212.0,6115.0,2389.0,580.0,2776.0
India,Tamil Nadu,33,Theni,588,2011,388472.0,289073.0,3441.0,12230.0,172.0,14929.0,1153.0,9255.0,288199.0,77860.0,22413.0,13641.0,65547.0,61547.0,1493.0,2422.0,85.0,22794.0,7562.0,287856.0,6488.0,86566.0,32608.0,4354.0,32631.0,25923.0,22425.0,20633.0,955.0,2012.0
India,Tamil Nadu,33,Thiruvallur,589,2011,508539.0,289202.0,12958.0,31685.0,1122.0,29142.0,7288.0,81512.0,382999.0,87968.0,37572.0,25313.0,174790.0,162196.0,2190.0,6600.0,3804.0,128382.0,3214.0,390545.0,9428.0,105352.0,11222.0,9258.0,44826.0,37680.0,24387.0,23008.0,3399.0,5570.0
India,Tamil Nadu,33,Thiruvarur,590,2011,260623.0,164409.0,2892.0,8766.0,183.0,12350.0,1127.0,6209.0,215381.0,32585.0,12657.0,10586.0,61401.0,57899.0,519.0,2903.0,80.0,29334.0,5691.0,179938.0,12234.0,62760.0,10945.0,2332.0,30109.0,26210.0,24698.0,9072.0,459.0,737.0
India,Tamil Nadu,33,Tiruchirappalli,591,2011,409033.0,207178.0,5555.0,19726.0,72.0,23691.0,2871.0,19445.0,329562.0,54058.0,25413.0,20429.0,133370.0,127301.0,787.0,5179.0,103.0,47180.0,4196.0,317184.0,11697.0,75956.0,40256.0,9447.0,92665.0,62514.0,59012.0,72173.0,1383.0,2990.0
India,Tamil Nadu,33,Tirunelveli,592,2011,527966.0,340352.0,6469.0,20553.0,82.0,24835.0,2331.0,22446.0,421080.0,78297.0,28589.0,21555.0,131134.0,121990.0,2049.0,6353.0,742.0,44608.0,7444.0,390258.0,19610.0,110654.0,62983.0,9111.0,57608.0,30703.0,55822.0,45843.0,1572.0,3995.0
India,Tamil Nadu,33,Tiruvannamalai,593,2011,559895.0,254009.0,10530.0,17233.0,611.0,27312.0,2139.0,17585.0,475486.0,62499.0,21910.0,22082.0,158050.0,152716.0,1483.0,3620.0,231.0,43107.0,2827.0,439000.0,5694.0,112374.0,13048.0,5158.0,154696.0,137570.0,78530.0,123022.0,3100.0,1392.0
India,Tamil Nadu,33,Tuticorin,594,2011,303337.0,187636.0,4762.0,13877.0,88.0,17558.0,1401.0,12107.0,233251.0,51832.0,18254.0,14872.0,73567.0,66581.0,1122.0,4281.0,1583.0,29961.0,4396.0,234018.0,11320.0,53603.0,31241.0,3646.0,49828.0,12512.0,17416.0,11352.0,734.0,1886.0
India,Tamil Nadu,33,Vellore,595,2011,726929.0,436077.0,7967.0,30911.0,102.0,40192.0,4844.0,40798.0,592231.0,94409.0,40289.0,35644.0,221297.0,213022.0,2781.0,5368.0,126.0,94719.0,8890.0,562192.0,14125.0,141722.0,86862.0,26930.0,148770.0,65665.0,64736.0,73277.0,1271.0,11753.0
India,Tamil Nadu,33,Villupuram,596,2011,700421.0,379849.0,7379.0,19463.0,156.0,25429.0,2765.0,20558.0,571131.0,100303.0,28987.0,21223.0,176046.0,166518.0,1828.0,7121.0,579.0,67076.0,9458.0,571518.0,8205.0,111240.0,67124.0,14808.0,154115.0,129327.0,92748.0,147258.0,3143.0,3932.0
India,Tamil Nadu,33,Virudhunagar,597,2011,515486.0,361457.0,6824.0,21876.0,175.0,26854.0,2730.0,28946.0,411315.0,71762.0,32409.0,23842.0,119109.0,113254.0,1535.0,4222.0,98.0,42866.0,6327.0,385229.0,12392.0,111538.0,64048.0,7878.0,58195.0,22614.0,32518.0,20411.0,1136.0,4267.0
India,Tamil Nadu,33,Ariyalur,610,2011,220889.0,105176.0,1881.0,8667.0,17.0,10294.0,1336.0,7024.0,178499.0,29970.0,12420.0,8635.0,54541.0,51807.0,348.0,2341.0,45.0,16950.0,1742.0,174139.0,3767.0,41241.0,26198.0,4544.0,72710.0,16760.0,20329.0,11918.0,308.0,1398.0
India,Tamil Nadu,33,Tiruppur,634,2011,322574.0,195355.0,7118.0,10613.0,79.0,7768.0,1031.0,17576.0,247805.0,56348.0,18331.0,6363.0,158957.0,147096.0,1325.0,10417.0,119.0,37659.0,3868.0,244419.0,12205.0,62082.0,32232.0,4730.0,53792.0,28452.0,40568.0,43351.0,625.0,971.0
India,Puducherry,34,Karaikal,598,2011,33709.0,12322.0,2120.0,2695.0,109.0,4061.0,1204.0,6900.0,21660.0,6626.0,5423.0,3719.0,15410.0,14188.0,131.0,915.0,176.0,11810.0,248.0,24641.0,3393.0,5427.0,306.0,178.0,1775.0,1739.0,831.0,398.0,72.0,126.0
India,Puducherry,34,Pondicherry,600,2011,108068.0,40711.0,3255.0,6515.0,438.0,10136.0,2911.0,23408.0,74524.0,20522.0,13021.0,9499.0,50542.0,47671.0,365.0,1749.0,757.0,36598.0,784.0,84364.0,4002.0,18918.0,983.0,1330.0,3920.0,3782.0,1163.0,2573.0,1109.0,940.0
India,Andaman and Nicobar Islands,35,South Andamans,602,2011,22978.0,4172.0,1312.0,4959.0,30.0,6102.0,528.0,6546.0,11288.0,5590.0,6100.0,5763.0,6405.0,5091.0,298.0,878.0,138.0,7692.0,306.0,18807.0,813.0,3052.0,205.0,244.0,3113.0,1310.0,1124.0,368.0,115.0,86.0
India,Andaman and Nicobar Islands,35,Nicobars,603,2011,9113.0,861.0,368.0,1834.0,5.0,2313.0,62.0,1095.0,5753.0,1176.0,2184.0,2216.0,2382.0,2095.0,39.0,127.0,121.0,1855.0,162.0,6152.0,146.0,2653.0,51.0,30.0,943.0,655.0,1993.0,60.0,40.0,20.0
India,Andaman and Nicobar Islands,35,North and Middle Andaman,632,2011,28056.0,5102.0,1286.0,5834.0,12.0,7190.0,261.0,687.0,15568.0,5038.0,7450.0,6830.0,6476.0,4922.0,274.0,1045.0,235.0,7984.0,635.0,20488.0,1312.0,5621.0,424.0,459.0,3905.0,2241.0,1011.0,668.0,242.0,76.0
India,The Dadra and Nagar Haveli and Daman and Diu,38,Daman,463,2011,30285.0,5761.0,3526.0,2116.0,111.0,804.0,1626.0,20815.0,13985.0,10316.0,5983.0,725.0,9111.0,6682.0,541.0,1482.0,406.0,8500.0,328.0,27565.0,730.0,1661.0,2061.0,1872.0,1656.0,1099.0,1150.0,3050.0,2747.0,1590.0
India,The Dadra and Nagar Haveli and Daman and Diu,38,Diu,464,2011,4344.0,319.0,90.0,115.0,51.0,229.0,16.0,839.0,1261.0,2116.0,967.0,210.0,2005.0,1593.0,82.0,81.0,249.0,1657.0,77.0,3185.0,367.0,715.0,50.0,8.0,792.0,225.0,287.0,189.0,10.0,4.0
India,The Dadra and Nagar Haveli and Daman and Diu,38,Dadra and Nagar Haveli,465,2011,43461.0,9000.0,5000.0,2399.0,98.0,1708.0,1141.0,18203.0,29601.0,9720.0,4140.0,1413.0,8812.0,6894.0,502.0,1384.0,32.0,5481.0,661.0,25588.0,450.0,16762.0,442.0,152.0,14670.0,5202.0,5127.0,1208.0,597.0,43.0
